1.7216e-05,0,1.741e-05,-7.3964e-05,-0.00014118,-0.00021347,-0.00021874,-0.00022118,-0.00022571,-0.00032894,-0.00039685,-0.00055348,-0.00075144,-0.00075563,-0.0007583,-0.00076027,-0.00075943,-0.00076164,-0.00076115,-0.00076521,-0.0008229,-0.00083343,-0.00089323,-0.00095304,-0.00095702,-0.00095826,-0.00096464,-0.0010433,-0.0010498,-0.001056,-0.0011268,-0.0013185,-0.0013253,-0.0013307,-0.0017351,-0.0017524,-0.0027648,-0.0027748,-0.0028414,-0.002926,-0.0033509,-0.0038721,-0.0042945,-0.0061175,-0.0087077,-0.014733,-0.023405,-0.029866,-0.04337,-0.057357,-0.069022,-0.093977,-0.12747,-0.17383,-0.21974,-0.28875,-0.40396,-0.64236,-1.0511,-1.6215,-2.3162,-3.2951,-4.4962,-5.6188,-7.2217,-9.0889,-10.864,-13.192,-15.185,-17.618,-20.111,-22.915,-25.835,-29.358,-33.144,-35.859,-38.881,-42.118,-45.39,-49.031,-52.617,-56.029,-59.151,-61.741,-64.716,-67.956,-71.382,-74.542,-77.438,-80.181,-82.836,-85.389,-88.277,-91.626
0,2.0979e-05,2.4457e-05,0,-4.4506e-05,-6.9009e-05,-7.1091e-05,-7.1929e-05,-7.3929e-05,-0.00012454,-0.00014783,-0.0002282,-0.0002954,-0.00029735,-0.00029788,-0.00029663,-0.00029653,-0.00029689,-0.00029697,-0.00029875,-0.00031773,-0.00032189,-0.00035045,-0.00037891,-0.00038071,-0.00038145,-0.00038354,-0.00043071,-0.0004332,-0.00043571,-0.00046162,-0.00054383,-0.00054609,-0.00054848,-0.00066232,-0.00066979,-0.0010147,-0.0010184,-0.0010098,-0.00099702,-0.00089338,-0.0010073,-0.00085585,-0.00011925,0.00075451,0.001346,0.0041483,0.0040096,0.0038044,0.0030259,0.00508,0.01071,0.011106,0.018809,0.017363,0.019924,0.030799,0.067498,0.13775,0.29671,0.44606,0.67995,0.94577,1.119,1.4322,1.4469,1.4616,1.6535,1.6437,1.6392,1.7514,1.6597,1.6567,1.5199,1.5563,1.47,1.2385,1.1223,0.95782,0.80081,0.67059,0.52795,0.26723,-0.011466,-0.32589,-0.17914,-0.52754,-0.92643,-1.2429,-1.6334,-2.1582,-2.709,-3.2393,-3.8697
1.741e-05,2.4457e-05,4.6118e-05,-7.48e-05,-0.00019466,-0.00029633,-0.00030409,-0.00030754,-0.00031445,-0.00047785,-0.00057368,-0.00082577,-0.0011043,-0.0011108,-0.0011141,-0.0011147,-0.0011137,-0.0011164,-0.001116,-0.0011221,-0.0012026,-0.0012181,-0.0013119,-0.0014055,-0.0014117,-0.0014138,-0.0014227,-0.0015572,-0.0015666,-0.0015759,-0.0016776,-0.0019674,-0.0019769,-0.0019852,-0.0025269,-0.002553,-0.003979,-0.0039934,-0.0040507,-0.0041214,-0.0044302,-0.0050902,-0.0053408,-0.0063257,-0.0079267,-0.013331,-0.018834,-0.025529,-0.039425,-0.054478,-0.063881,-0.082555,-0.11596,-0.15387,-0.20199,-0.26879,-0.37262,-0.57094,-0.90245,-1.294,-1.8224,-2.5397,-3.4446,-4.3779,-5.6338,-7.505,-9.2827,-11.414,-13.44,-15.907,-18.297,-21.239,-24.196,-27.918,-31.705,-34.551,-37.877,-41.286,-44.787,-48.652,-52.43,-56.047,-59.509,-62.453,-65.828,-68.933,-72.805,-76.465,-79.763,-82.992,-86.289,-89.513,-93.052,-97.174
-7.3964e-05,0,-7.48e-05,0.00031777,0.00060654,0.00091711,0.00093977,0.00095027,0.00096971,0.0014132,0.001705,0.0023779,0.0032284,0.0032464,0.0032579,0.0032664,0.0032627,0.0032722,0.0032701,0.0032876,0.0035354,0.0035806,0.0038376,0.0040945,0.0041116,0.004117,0.0041444,0.0044822,0.00451,0.004537,0.0048409,0.0056647,0.0056939,0.0057171,0.0074547,0.0075287,0.011878,0.011921,0.012207,0.012571,0.014396,0.016636,0.018451,0.026283,0.037411,0.063299,0.10055,0.12831,0.18633,0.24642,0.29654,0.40375,0.54764,0.74682,0.94407,1.2405,1.7355,2.7598,4.516,6.9666,9.9512,14.157,19.317,24.14,31.027,39.049,46.673,56.677,65.238,75.693,86.405,98.449,111,126.13,142.4,154.06,167.04,180.95,195.01,210.65,226.06,240.72,254.13,265.26,278.04,291.96,306.68,320.25,332.7,344.48,355.89,366.86,379.26,393.65
-0.00014118,-4.4506e-05,-0.00019466,0.00060654,0.0012521,0.0018969,0.0019446,0.0019664,0.0020078,0.0029617,0.003568,0.0050229,0.0067888,0.0068273,0.0068503,0.0068639,0.0068567,0.0068756,0.0068718,0.0069089,0.0074222,0.0075173,0.0080684,0.0086192,0.0086556,0.0086674,0.0087242,0.0094691,0.0095274,0.0095842,0.010219,0.011966,0.012027,0.012076,0.015634,0.015791,0.024825,0.024915,0.025443,0.02611,0.029374,0.03389,0.037033,0.050419,0.069807,0.11797,0.18313,0.23641,0.34758,0.46393,0.55524,0.74794,1.0217,1.3856,1.7651,2.3256,3.2473,5.1245,8.3276,12.668,18.048,25.579,34.865,43.703,56.183,71.464,85.986,104.67,121.03,141,161.21,184.39,208.35,237.52,268.5,290.94,316.21,343.01,370.19,400.38,430.06,458.34,484.5,506.33,531.39,557.65,586.49,613.24,637.67,660.99,683.87,705.98,730.78,759.59
-0.00021347,-6.9009e-05,-0.00029633,0.00091711,0.0018969,0.0028739,0.0029461,0.0029792,0.0030418,0.0044884,0.0054071,0.0076135,0.010289,0.010348,0.010382,0.010403,0.010392,0.010421,0.010415,0.010471,0.011249,0.011393,0.012228,0.013064,0.013119,0.013137,0.013223,0.014353,0.014441,0.014527,0.01549,0.018138,0.018229,0.018304,0.023693,0.023932,0.03762,0.037756,0.038553,0.039561,0.044488,0.051326,0.056065,0.076246,0.10549,0.17826,0.27656,0.35713,0.52525,0.70124,0.83913,1.13,1.544,2.0935,2.6676,3.5148,4.9076,7.7429,12.58,19.13,27.253,38.621,52.64,65.989,84.835,107.94,129.9,158.14,182.88,213.06,243.61,278.67,314.89,359.02,405.85,439.8,478.03,518.55,559.67,605.32,650.22,692.99,732.56,765.6,803.51,843.21,886.84,927.33,964.28,999.58,1034.2,1067.7,1105.2,1148.8
-0.00021874,-7.1091e-05,-0.00030409,0.00093977,0.0019446,0.0029461,0.0030202,0.0030541,0.0031183,0.0046015,0.0055433,0.0078058,0.010549,0.010609,0.010644,0.010665,0.010654,0.010683,0.010677,0.010735,0.011532,0.01168,0.012537,0.013393,0.01345,0.013468,0.013556,0.014715,0.014806,0.014894,0.015881,0.018596,0.01869,0.018766,0.024291,0.024535,0.038568,0.038707,0.039524,0.040556,0.045603,0.052612,0.057466,0.078132,0.10808,0.18264,0.28332,0.36588,0.53815,0.71851,0.85977,1.1578,1.5819,2.1449,2.7332,3.6013,5.0283,7.933,12.889,19.598,27.918,39.563,53.923,67.6,86.905,110.58,133.08,162.01,187.36,218.3,249.6,285.53,322.64,367.86,415.85,450.64,489.81,531.34,573.48,620.26,666.27,710.1,750.66,784.52,823.37,864.04,908.76,950.25,988.13,1024.3,1059.8,1094.1,1132.6,1177.3
-0.00022118,-7.1929e-05,-0.00030754,0.00095027,0.0019664,0.0029792,0.0030541,0.0030883,0.0031533,0.0046532,0.0056056,0.0078935,0.010667,0.010728,0.010764,0.010785,0.010774,0.010803,0.010797,0.010856,0.011662,0.011811,0.012678,0.013544,0.013601,0.013619,0.013709,0.014881,0.014972,0.015061,0.016059,0.018805,0.0189,0.018977,0.024564,0.02481,0.039001,0.039142,0.039968,0.041011,0.046114,0.053202,0.05811,0.079005,0.10929,0.18468,0.28648,0.36996,0.54416,0.72654,0.86936,1.1707,1.5996,2.1688,2.7637,3.6415,5.0844,8.0215,13.033,19.816,28.229,40.004,54.524,68.353,87.873,111.81,134.56,163.82,189.45,220.73,252.38,288.72,326.25,371.97,420.5,455.67,495.29,537.28,579.88,627.19,673.71,718.04,759.04,793.28,832.57,873.7,918.92,960.87,999.18,1035.8,1071.7,1106.3,1145.3,1190.5
-0.00022571,-7.3929e-05,-0.00031445,0.00096971,0.0020078,0.0030418,0.0031183,0.0031533,0.0032197,0.0047515,0.005724,0.0080607,0.010893,0.010955,0.010991,0.011013,0.011002,0.011032,0.011026,0.011085,0.011908,0.012061,0.012946,0.01383,0.013889,0.013908,0.013999,0.015196,0.015289,0.015381,0.016399,0.019203,0.0193,0.019379,0.025083,0.025335,0.039824,0.039968,0.040811,0.041875,0.04708,0.054316,0.05932,0.080625,0.11151,0.18842,0.29224,0.37743,0.5552,0.74132,0.88702,1.1944,1.632,2.2127,2.8198,3.7155,5.1876,8.1839,13.296,20.214,28.795,40.805,55.616,69.723,89.635,114.06,137.28,167.13,193.29,225.21,257.5,294.58,332.88,379.54,429.06,464.96,505.39,548.24,591.72,640,687.48,732.71,774.57,809.51,849.62,891.58,937.73,980.55,1019.6,1057,1093.6,1129.1,1168.8,1214.9
-0.00032894,-0.00012454,-0.00047785,0.0014132,0.0029617,0.0044884,0.0046015,0.0046532,0.0047515,0.0070245,0.0084603,0.01193,0.016111,0.016203,0.016257,0.016288,0.016271,0.016315,0.016306,0.016394,0.017609,0.017835,0.019147,0.020459,0.020546,0.020574,0.020708,0.022491,0.022629,0.022764,0.02427,0.028421,0.028565,0.028682,0.037085,0.037459,0.058851,0.059064,0.060285,0.061826,0.069329,0.079965,0.087137,0.1176,0.1619,0.27352,0.42258,0.54685,0.80608,1.078,1.2887,1.7321,2.3696,3.2097,4.0955,5.3989,7.5356,11.873,19.267,29.222,41.608,58.924,80.295,100.72,129.48,165.07,198.9,242.25,280.38,326.9,373.87,427.99,483.8,551.92,624.05,676.44,735.55,798.1,861.59,932.08,1001.4,1067.4,1128.6,1179.8,1238.5,1299.5,1367,1429.8,1487,1541.7,1595.6,1647.6,1705.9,1773.7
-0.00039685,-0.00014783,-0.00057368,0.001705,0.003568,0.0054071,0.0055433,0.0056056,0.005724,0.0084603,0.01019,0.014367,0.019404,0.019514,0.019579,0.019616,0.019596,0.019649,0.019639,0.019745,0.021208,0.02148,0.02306,0.024639,0.024744,0.024778,0.024939,0.027085,0.027251,0.027414,0.029227,0.034226,0.034399,0.03454,0.044665,0.045115,0.070884,0.07114,0.072615,0.074476,0.083539,0.096358,0.10503,0.14186,0.19541,0.33015,0.5103,0.66021,0.97295,1.3009,1.5553,2.0909,2.8601,3.8746,4.9431,6.5158,9.095,14.332,23.26,35.289,50.25,71.168,96.982,121.64,156.38,199.32,240.13,292.45,338.45,394.58,451.27,516.54,583.88,666.04,753.07,816.27,887.55,963,1039.6,1124.6,1208.2,1287.9,1361.7,1423.3,1494.1,1567.8,1649.2,1724.9,1793.9,1859.8,1924.7,1987.5,2057.8,2139.4
-0.00055348,-0.0002282,-0.00082577,0.0023779,0.0050229,0.0076135,0.0078058,0.0078935,0.0080607,0.01193,0.014367,0.020277,0.027372,0.027528,0.02762,0.027669,0.027641,0.027716,0.027701,0.027851,0.029912,0.030296,0.032529,0.034762,0.034909,0.034957,0.035185,0.038227,0.038462,0.038691,0.041247,0.048306,0.048549,0.048748,0.062989,0.063624,0.099926,0.10029,0.10233,0.10492,0.11745,0.13545,0.14738,0.19797,0.27175,0.45904,0.70735,0.91657,1.3529,1.8111,2.1638,2.9049,3.9773,5.384,6.8758,9.0665,12.652,19.918,32.296,48.905,69.615,98.542,134.27,168.47,216.6,276.47,333.37,406.14,470.31,548.59,627.53,718.66,812.58,927.32,1048.7,1136.9,1236.5,1341.9,1448.9,1567.6,1684.3,1795.6,1898.8,1985.1,2084.2,2186.7,2300.7,2406.6,2503.2,2595.6,2686.7,2774.7,2873.3,2987.9
-0.00075144,-0.0002954,-0.0011043,0.0032284,0.0067888,0.010289,0.010549,0.010667,0.010893,0.016111,0.019404,0.027372,0.036959,0.037169,0.037293,0.037362,0.037323,0.037425,0.037405,0.037607,0.040392,0.04091,0.043923,0.046934,0.047133,0.047198,0.047506,0.051602,0.05192,0.052229,0.055681,0.065208,0.065537,0.065806,0.085062,0.085919,0.13497,0.13546,0.13824,0.14175,0.15884,0.1832,0.1995,0.2687,0.36946,0.62414,0.96319,1.2471,1.8395,2.4609,2.9412,3.9512,5.4074,7.3225,9.3469,12.323,17.199,27.088,43.941,66.601,94.82,134.25,182.94,229.5,295.05,376.34,453.6,552.54,639.65,745.93,853.18,976.84,1104.3,1260,1424.8,1544.5,1679.7,1822.6,1967.7,2128.9,2287.2,2438.1,2578.1,2695.1,2829.3,2968.7,3123.2,3266.7,3397.6,3522.8,3646.1,3765.3,3898.8,4053.8
-0.00075563,-0.00029735,-0.0011108,0.0032464,0.0068273,0.010348,0.010609,0.010728,0.010955,0.016203,0.019514,0.027528,0.037169,0.037381,0.037505,0.037574,0.037536,0.037638,0.037618,0.037821,0.040622,0.041143,0.044173,0.047202,0.047401,0.047467,0.047776,0.051897,0.052216,0.052527,0.055999,0.06558,0.065911,0.066181,0.085546,0.086408,0.13574,0.13623,0.13903,0.14256,0.15974,0.18423,0.20063,0.2702,0.37151,0.62761,0.9685,1.254,1.8497,2.4746,2.9575,3.9731,5.4374,7.3631,9.3988,12.391,17.294,27.238,44.185,66.968,95.342,134.99,183.94,230.76,296.68,378.42,456.11,555.6,643.19,750.07,857.91,982.26,1110.5,1267,1432.7,1553.1,1689,1832.8,1978.7,2140.7,2300,2451.7,2592.5,2710.1,2845.1,2985.3,3140.6,3284.9,3416.6,3542.5,3666.4,3786.3,3920.6,4076.5
-0.0007583,-0.00029788,-0.0011141,0.0032579,0.0068503,0.010382,0.010644,0.010764,0.010991,0.016257,0.019579,0.02762,0.037293,0.037505,0.03763,0.0377,0.037661,0.037764,0.037743,0.037947,0.040757,0.04128,0.04432,0.047359,0.047559,0.047625,0.047935,0.052069,0.052389,0.052701,0.056185,0.065798,0.06613,0.066401,0.085832,0.086697,0.13619,0.13668,0.13949,0.14304,0.16028,0.18486,0.20131,0.27115,0.37284,0.62985,0.97202,1.2586,1.8563,2.4834,2.9681,3.9874,5.4569,7.3896,9.4324,12.436,17.356,27.336,44.344,67.211,95.689,135.49,184.62,231.6,297.76,379.79,457.76,557.6,645.5,752.75,860.98,985.77,1114.4,1271.5,1437.8,1558.6,1695,1839.3,1985.7,2148.3,2308.1,2460.4,2601.6,2719.7,2855.2,2995.8,3151.7,3296.5,3428.6,3554.9,3679.3,3799.6,3934.3,4090.8
-0.00076027,-0.00029663,-0.0011147,0.0032664,0.0068639,0.010403,0.010665,0.010785,0.011013,0.016288,0.019616,0.027669,0.037362,0.037574,0.0377,0.037769,0.03773,0.037833,0.037813,0.038017,0.040833,0.041357,0.044402,0.047445,0.047646,0.047712,0.048023,0.052163,0.052484,0.052796,0.056287,0.065917,0.066249,0.066521,0.085991,0.086858,0.13645,0.13694,0.13976,0.14331,0.16061,0.18524,0.20176,0.27185,0.37388,0.63163,0.97495,1.2622,1.8615,2.4902,2.9763,3.9988,5.4722,7.4106,9.4587,12.47,17.404,27.413,44.473,67.415,95.982,135.9,185.19,232.31,298.67,380.92,459.09,559.21,647.34,754.87,863.39,988.5,1117.5,1275,1441.7,1562.8,1699.5,1844.2,1991,2154,2314.2,2466.9,2608.4,2726.8,2862.6,3003.6,3159.8,3305,3437.4,3564,3688.7,3809.2,3944.2,4101.1
-0.00075943,-0.00029653,-0.0011137,0.0032627,0.0068567,0.010392,0.010654,0.010774,0.011002,0.016271,0.019596,0.027641,0.037323,0.037536,0.037661,0.03773,0.037691,0.037794,0.037774,0.037978,0.040791,0.041314,0.044356,0.047397,0.047597,0.047663,0.047974,0.05211,0.05243,0.052742,0.056229,0.065849,0.066181,0.066453,0.085903,0.086768,0.1363,0.1368,0.13961,0.14317,0.16044,0.18505,0.20154,0.27154,0.37346,0.63091,0.97382,1.2608,1.8594,2.4874,2.9729,3.9942,5.466,7.4022,9.4479,12.456,17.384,27.382,44.422,67.337,95.87,135.75,184.97,232.04,298.33,380.48,458.56,558.57,646.6,754.01,862.41,987.38,1116.2,1273.6,1440.1,1561.1,1697.6,1842.1,1988.7,2151.6,2311.6,2464.1,2605.5,2723.7,2859.4,3000.2,3156.3,3301.3,3433.6,3560.1,3684.6,3805,3939.9,4096.6
-0.00076164,-0.00029689,-0.0011164,0.0032722,0.0068756,0.010421,0.010683,0.010803,0.011032,0.016315,0.019649,0.027716,0.037425,0.037638,0.037764,0.037833,0.037794,0.037897,0.037877,0.038082,0.040902,0.041427,0.044477,0.047526,0.047727,0.047793,0.048105,0.052251,0.052573,0.052886,0.056382,0.066028,0.066361,0.066634,0.086137,0.087005,0.13668,0.13717,0.14,0.14356,0.16089,0.18556,0.20211,0.27233,0.37456,0.63278,0.97676,1.2646,1.8649,2.4947,2.9817,4.0061,5.4822,7.4242,9.4759,12.493,17.436,27.464,44.554,67.54,96.16,136.16,185.53,232.75,299.23,381.63,459.94,560.24,648.53,756.25,864.97,990.3,1119.5,1277.3,1444.3,1565.7,1702.6,1847.5,1994.6,2157.8,2318.3,2471.3,2613.1,2731.7,2867.7,3009,3165.5,3310.9,3443.6,3570.4,3695.3,3816,3951.3,4108.4
-0.00076115,-0.00029697,-0.001116,0.0032701,0.0068718,0.010415,0.010677,0.010797,0.011026,0.016306,0.019639,0.027701,0.037405,0.037618,0.037743,0.037813,0.037774,0.037877,0.037857,0.038061,0.04088,0.041405,0.044453,0.0475,0.047702,0.047767,0.048079,0.052223,0.052545,0.052858,0.056352,0.065993,0.066326,0.066598,0.086091,0.086958,0.1366,0.1371,0.13992,0.14348,0.1608,0.18546,0.20199,0.27216,0.37431,0.63236,0.97608,1.2637,1.8636,2.4931,2.9798,4.0034,5.4785,7.4192,9.4696,12.484,17.424,27.445,44.524,67.493,96.093,136.06,185.4,232.58,299.02,381.36,459.62,559.86,648.09,755.75,864.39,989.64,1118.8,1276.5,1443.4,1564.6,1701.5,1846.3,1993.3,2156.5,2316.9,2469.7,2611.5,2729.9,2865.9,3007.1,3163.5,3308.8,3441.4,3568.2,3693,3813.6,3948.8,4105.8
-0.00076521,-0.00029875,-0.0011221,0.0032876,0.0069089,0.010471,0.010735,0.010856,0.011085,0.016394,0.019745,0.027851,0.037607,0.037821,0.037947,0.038017,0.037978,0.038082,0.038061,0.038267,0.041101,0.041628,0.044693,0.047757,0.047959,0.048025,0.048338,0.052506,0.052829,0.053143,0.056656,0.06635,0.066684,0.066958,0.086556,0.087428,0.13734,0.13784,0.14067,0.14425,0.16166,0.18646,0.20307,0.27361,0.3763,0.63571,0.98125,1.2704,1.8735,2.5063,2.9956,4.0246,5.5076,7.4586,9.5199,12.551,17.517,27.591,44.76,67.85,96.601,136.78,186.38,233.81,300.6,383.38,462.06,562.82,651.53,759.76,868.98,994.9,1124.7,1283.3,1451.1,1573,1710.6,1856.1,2003.9,2167.9,2329.2,2482.9,2625.4,2744.5,2881.2,3023.1,3180.4,3326.5,3459.7,3587.2,3712.7,3834,3969.9,4127.8
-0.0008229,-0.00031773,-0.0012026,0.0035354,0.0074222,0.011249,0.011532,0.011662,0.011908,0.017609,0.021208,0.029912,0.040392,0.040622,0.040757,0.040833,0.040791,0.040902,0.04088,0.041101,0.044146,0.044712,0.048003,0.051293,0.05151,0.051581,0.051918,0.056391,0.056738,0.057076,0.06085,0.07126,0.071619,0.071913,0.092969,0.093906,0.14752,0.14806,0.15111,0.15496,0.1737,0.20034,0.21824,0.29422,0.4048,0.68387,1.0559,1.3668,2.0154,2.6958,3.2223,4.3299,5.9247,8.024,10.241,13.5,18.842,29.682,48.158,73.015,103.96,147.21,200.59,251.63,323.5,412.53,497.14,605.53,700.92,817.31,934.79,1070.2,1209.8,1380.3,1560.7,1691.8,1839.7,1996.2,2155.1,2331.5,2504.9,2670.1,2823.3,2951.4,3098.3,3251,3420,3577.1,3720.3,3857.3,3992.2,4122.6,4268.6,4438.3
-0.00083343,-0.00032189,-0.0012181,0.0035806,0.0075173,0.011393,0.01168,0.011811,0.012061,0.017835,0.02148,0.030296,0.04091,0.041143,0.04128,0.041357,0.041314,0.041427,0.041405,0.041628,0.044712,0.045286,0.048619,0.051951,0.052171,0.052243,0.052584,0.057115,0.057466,0.057808,0.06163,0.072174,0.072538,0.072836,0.094162,0.09511,0.14942,0.14996,0.15305,0.15695,0.17593,0.20291,0.22103,0.29798,0.40997,0.69261,1.0694,1.3843,2.0412,2.7303,3.2635,4.3852,6.0004,8.1266,10.371,13.673,19.083,30.062,48.773,73.948,105.29,149.09,203.16,254.84,327.64,417.8,503.49,613.27,709.88,827.76,946.74,1083.9,1225.3,1397.9,1580.7,1713.4,1863.2,2021.8,2182.7,2361.3,2536.9,2704.3,2859.5,2989.1,3138,3292.6,3463.8,3622.8,3767.9,3906.7,4043.3,4175.3,4323.3,4495.1
-0.00089323,-0.00035045,-0.0013119,0.0038376,0.0080684,0.012228,0.012537,0.012678,0.012946,0.019147,0.02306,0.032529,0.043923,0.044173,0.04432,0.044402,0.044356,0.044477,0.044453,0.044693,0.048003,0.048619,0.052199,0.055778,0.056014,0.056091,0.056457,0.061325,0.061702,0.06207,0.066173,0.077495,0.077886,0.078206,0.10109,0.10211,0.1604,0.16098,0.16429,0.16847,0.18878,0.21773,0.23712,0.3194,0.4392,0.74196,1.1451,1.4826,2.1867,2.9254,3.4963,4.6971,6.4281,8.7048,11.111,14.649,20.445,32.201,52.237,79.177,112.73,159.61,217.49,272.84,350.77,447.4,539.24,656.85,760.4,886.73,1014.2,1161.2,1312.8,1497.8,1693.7,1836,1996.6,2166.5,2339.1,2530.6,2718.8,2898.2,3064.6,3203.6,3363.2,3528.9,3712.5,3883.1,4038.6,4187.5,4334,4475.6,4634.3,4818.6
-0.00095304,-0.00037891,-0.0014055,0.0040945,0.0086192,0.013064,0.013393,0.013544,0.01383,0.020459,0.024639,0.034762,0.046934,0.047202,0.047359,0.047445,0.047397,0.047526,0.0475,0.047757,0.051293,0.051951,0.055778,0.059603,0.059856,0.059938,0.060329,0.065534,0.065937,0.06633,0.070714,0.082814,0.083231,0.083573,0.10802,0.10911,0.17138,0.172,0.17553,0.17999,0.20164,0.23255,0.2532,0.34081,0.46842,0.79132,1.2208,1.5809,2.3322,3.1206,3.7292,5.0091,6.8559,9.2833,11.851,15.625,21.806,34.341,55.702,84.408,120.17,170.13,231.82,290.84,373.92,477.02,575,700.44,810.92,945.72,1081.7,1238.6,1400.3,1597.8,1806.7,1958.6,2130,2311.4,2495.5,2699.8,2900.7,3092.2,3269.7,3418.2,3588.5,3765.2,3961.2,4143.3,4309.4,4468.2,4624.7,4776,4945.4,5142.2
-0.00095702,-0.00038071,-0.0014117,0.0041116,0.0086556,0.013119,0.01345,0.013601,0.013889,0.020546,0.024744,0.034909,0.047133,0.047401,0.047559,0.047646,0.047597,0.047727,0.047702,0.047959,0.05151,0.052171,0.056014,0.059856,0.060109,0.060192,0.060584,0.065812,0.066217,0.066611,0.071013,0.083165,0.083583,0.083927,0.10847,0.10957,0.17211,0.17273,0.17628,0.18075,0.20249,0.23353,0.25426,0.34224,0.47037,0.79461,1.2258,1.5875,2.3419,3.1336,3.7447,5.0298,6.8844,9.3218,11.9,15.69,21.897,34.484,55.933,84.757,120.66,170.84,232.78,292.04,375.47,478.99,577.39,703.34,814.29,949.65,1086.2,1243.7,1406.1,1604.4,1814.2,1966.7,2138.9,2321,2505.9,2711.1,2912.8,3105.1,3283.3,3432.4,3603.5,3780.9,3977.7,4160.6,4327.4,4486.9,4644,4795.9,4966.1,5163.7
-0.00095826,-0.00038145,-0.0014138,0.004117,0.0086674,0.013137,0.013468,0.013619,0.013908,0.020574,0.024778,0.034957,0.047198,0.047467,0.047625,0.047712,0.047663,0.047793,0.047767,0.048025,0.051581,0.052243,0.056091,0.059938,0.060192,0.060275,0.060668,0.065903,0.066308,0.066703,0.071111,0.083279,0.083699,0.084043,0.10862,0.10972,0.17235,0.17297,0.17652,0.181,0.20276,0.23385,0.25461,0.34268,0.47097,0.79563,1.2274,1.5895,2.3449,3.1376,3.7496,5.0363,6.8932,9.3337,11.916,15.71,21.925,34.528,56.004,84.864,120.82,171.05,233.07,292.41,375.94,479.6,578.12,704.24,815.33,950.86,1087.6,1245.3,1407.9,1606.5,1816.6,1969.3,2141.7,2324,2509.1,2714.6,2916.6,3109.1,3287.6,3436.9,3608.2,3785.8,3982.9,4166,4333,4492.8,4650.1,4802.2,4972.6,5170.5
-0.00096464,-0.00038354,-0.0014227,0.0041444,0.0087242,0.013223,0.013556,0.013709,0.013999,0.020708,0.024939,0.035185,0.047506,0.047776,0.047935,0.048023,0.047974,0.048105,0.048079,0.048338,0.051918,0.052584,0.056457,0.060329,0.060584,0.060668,0.061063,0.066332,0.06674,0.067138,0.071575,0.083822,0.084244,0.08459,0.10933,0.11043,0.17347,0.1741,0.17767,0.18218,0.20409,0.23538,0.25628,0.34496,0.47412,0.80095,1.2356,1.6002,2.3606,3.1585,3.7746,5.07,6.9393,9.3962,11.995,15.815,22.072,34.759,56.38,85.435,121.63,172.2,234.65,294.38,378.47,482.82,582,708.96,820.79,957.23,1094.9,1253.6,1417.3,1617.2,1828.7,1982.4,2155.9,2339.5,2525.8,2732.7,2936,3129.8,3309.5,3459.8,3632.2,3811,4009.4,4193.7,4361.8,4522.6,4681,4834.1,5005.6,5204.8
-0.0010433,-0.00043071,-0.0015572,0.0044822,0.0094691,0.014353,0.014715,0.014881,0.015196,0.022491,0.027085,0.038227,0.051602,0.051897,0.052069,0.052163,0.05211,0.052251,0.052223,0.052506,0.056391,0.057115,0.061325,0.065534,0.065812,0.065903,0.066332,0.072066,0.072509,0.072941,0.07776,0.091068,0.091526,0.091902,0.11875,0.11995,0.18838,0.18906,0.19292,0.19779,0.22141,0.25533,0.27782,0.37317,0.51221,0.86523,1.3332,1.7276,2.5501,3.4138,4.0785,5.4752,7.4966,10.148,12.96,17.089,23.848,37.542,60.872,92.176,131.21,185.73,253.06,317.53,408.24,521.09,628.34,765.51,886.46,1034,1182.8,1354.6,1531.6,1747.9,1976.6,2142.9,2330.8,2529.4,2731,2954.9,3174.9,3384.5,3579.1,3741.8,3928.5,4121.9,4336.7,4536.3,4718.3,4892.6,5064.2,5230.3,5416.1,5632.1
-0.0010498,-0.0004332,-0.0015666,0.00451,0.0095274,0.014441,0.014806,0.014972,0.015289,0.022629,0.027251,0.038462,0.05192,0.052216,0.052389,0.052484,0.05243,0.052573,0.052545,0.052829,0.056738,0.057466,0.061702,0.065937,0.066217,0.066308,0.06674,0.072509,0.072955,0.07339,0.078238,0.091627,0.092089,0.092467,0.11948,0.12068,0.18954,0.19023,0.19411,0.199,0.22277,0.25691,0.27954,0.37549,0.51539,0.8706,1.3415,1.7383,2.566,3.4349,4.1038,5.5093,7.5432,10.211,13.041,17.195,23.996,37.775,61.251,92.75,132.02,186.88,254.63,319.51,410.78,524.33,632.25,770.27,891.97,1040.4,1190.2,1363,1541.1,1758.7,1988.9,2156.2,2345.2,2545.1,2748,2973.2,3194.5,3405.5,3601.3,3765,3952.9,4147.4,4363.5,4564.4,4747.6,4922.9,5095.6,5262.7,5449.7,5667
-0.001056,-0.00043571,-0.0015759,0.004537,0.0095842,0.014527,0.014894,0.015061,0.015381,0.022764,0.027414,0.038691,0.052229,0.052527,0.052701,0.052796,0.052742,0.052886,0.052858,0.053143,0.057076,0.057808,0.06207,0.06633,0.066611,0.066703,0.067138,0.072941,0.07339,0.073827,0.078704,0.092173,0.092637,0.093018,0.12019,0.1214,0.19067,0.19136,0.19526,0.20019,0.2241,0.25844,0.28121,0.37773,0.51847,0.87581,1.3495,1.7487,2.5813,3.4555,4.1284,5.5422,7.5883,10.272,13.119,17.298,24.14,38.001,61.617,93.305,132.82,188,256.16,321.42,413.24,527.47,636.03,774.88,897.31,1046.7,1197.3,1371.2,1550.3,1769.3,2000.8,2169.1,2359.3,2560.3,2764.4,2991,3213.6,3425.9,3622.8,3787.5,3976.5,4172.2,4389.6,4591.7,4776,4952.3,5126.1,5294.1,5482.2,5700.8
-0.0011268,-0.00046162,-0.0016776,0.0048409,0.010219,0.01549,0.015881,0.016059,0.016399,0.02427,0.029227,0.041247,0.055681,0.055999,0.056185,0.056287,0.056229,0.056382,0.056352,0.056656,0.06085,0.06163,0.066173,0.070714,0.071013,0.071111,0.071575,0.07776,0.078238,0.078704,0.083904,0.098262,0.098757,0.099163,0.12814,0.12943,0.20328,0.20402,0.20819,0.21344,0.23897,0.2756,0.29991,0.40301,0.55332,0.93469,1.4406,1.8665,2.7548,3.6874,4.4057,5.9151,8.0984,10.963,14,18.46,25.761,40.557,65.766,99.601,141.78,200.7,273.47,343.13,441.15,563.03,678.86,827.04,957.67,1117,1277.8,1463.3,1654.5,1888,2135,2314.6,2517.5,2731.9,2949.7,3191.4,3429,3655.5,3865.5,4041.2,4242.8,4451.6,4683.6,4899.1,5095.7,5283.8,5469.1,5648.3,5849,6082.1
-0.0013185,-0.00054383,-0.0019674,0.0056647,0.011966,0.018138,0.018596,0.018805,0.019203,0.028421,0.034226,0.048306,0.065208,0.06558,0.065798,0.065917,0.065849,0.066028,0.065993,0.06635,0.07126,0.072174,0.077495,0.082814,0.083165,0.083279,0.083822,0.091068,0.091627,0.092173,0.098262,0.11508,0.11566,0.11613,0.15006,0.15157,0.23805,0.23891,0.24379,0.24994,0.27979,0.32267,0.35109,0.47162,0.64735,1.0935,1.685,2.1834,3.223,4.3144,5.1546,6.9199,9.4746,12.826,16.379,21.598,30.14,47.447,76.934,116.5,165.83,234.74,319.84,401.32,515.97,658.59,794.14,967.49,1120.4,1306.8,1494.9,1712,1935.7,2209,2498.1,2708.3,2945.7,3196.7,3451.5,3734.4,4012.4,4277.4,4523.3,4728.9,4964.9,5209.2,5480.7,5733,5963.1,6183.2,6400.2,6610,6844.9,7117.8
-0.0013253,-0.00054609,-0.0019769,0.0056939,0.012027,0.018229,0.01869,0.0189,0.0193,0.028565,0.034399,0.048549,0.065537,0.065911,0.06613,0.066249,0.066181,0.066361,0.066326,0.066684,0.071619,0.072538,0.077886,0.083231,0.083583,0.083699,0.084244,0.091526,0.092089,0.092637,0.098757,0.11566,0.11624,0.11672,0.15082,0.15234,0.23926,0.24012,0.24502,0.2512,0.28121,0.32431,0.35288,0.47405,0.65071,1.0992,1.6938,2.1948,3.2397,4.3367,5.1813,6.9559,9.5237,12.892,16.464,21.71,30.296,47.694,77.334,117.11,166.7,235.97,321.51,403.42,518.67,662.03,798.27,972.53,1126.2,1313.6,1502.6,1720.9,1945.7,2220.5,2511,2722.3,2960.9,3213.2,3469.3,3753.7,4033.1,4299.5,4546.6,4753.3,4990.5,5236.1,5508.9,5762.5,5993.8,6215.1,6433.1,6644,6880.1,7154.4
-0.0013307,-0.00054848,-0.0019852,0.0057171,0.012076,0.018304,0.018766,0.018977,0.019379,0.028682,0.03454,0.048748,0.065806,0.066181,0.066401,0.066521,0.066453,0.066634,0.066598,0.066958,0.071913,0.072836,0.078206,0.083573,0.083927,0.084043,0.08459,0.091902,0.092467,0.093018,0.099163,0.11613,0.11672,0.1172,0.15144,0.15296,0.24024,0.24111,0.24603,0.25224,0.28237,0.32564,0.35433,0.47598,0.65335,1.1037,1.7007,2.2037,3.2528,4.3544,5.2023,6.9841,9.5624,12.945,16.531,21.798,30.419,47.887,77.648,117.58,167.37,236.92,322.81,405.06,520.77,664.71,801.51,976.47,1130.7,1319,1508.8,1727.8,1953.6,2229.5,2521.2,2733.4,2973,3226.2,3483.5,3769,4049.6,4317,4565.2,4772.7,5010.8,5257.4,5531.4,5786,6018.2,6240.4,6459.3,6671.1,6908.1,7183.5
-0.0017351,-0.00066232,-0.0025269,0.0074547,0.015634,0.023693,0.024291,0.024564,0.025083,0.037085,0.044665,0.062989,0.085062,0.085546,0.085832,0.085991,0.085903,0.086137,0.086091,0.086556,0.092969,0.094162,0.10109,0.10802,0.10847,0.10862,0.10933,0.11875,0.11948,0.12019,0.12814,0.15006,0.15082,0.15144,0.19579,0.19776,0.31069,0.31182,0.31826,0.32638,0.36593,0.42207,0.45986,0.62034,0.85382,1.4425,2.228,2.8835,4.251,5.6854,6.7962,9.1337,12.497,16.926,21.599,28.473,39.742,62.611,101.59,154.07,219.37,310.64,423.31,530.98,682.65,870.37,1048.8,1277.4,1478.5,1724,1971.7,2257.2,2551.6,2910.9,3291.4,3567.8,3879.6,4209.6,4544.6,4916.4,5282,5630.4,5953.3,6223.2,6532.9,6854.8,7211.2,7542.2,7844.1,8132.9,8417,8691.7,8999.5,9357
-0.0017524,-0.00066979,-0.002553,0.0075287,0.015791,0.023932,0.024535,0.02481,0.025335,0.037459,0.045115,0.063624,0.085919,0.086408,0.086697,0.086858,0.086768,0.087005,0.086958,0.087428,0.093906,0.09511,0.10211,0.10911,0.10957,0.10972,0.11043,0.11995,0.12068,0.1214,0.12943,0.15157,0.15234,0.15296,0.19776,0.19976,0.31382,0.31496,0.32146,0.32967,0.3696,0.4263,0.46446,0.6265,0.86226,1.4567,2.2499,2.912,4.2931,5.7417,6.8635,9.2239,12.62,17.093,21.813,28.755,40.135,63.23,102.6,155.58,221.53,313.7,427.47,536.21,689.37,878.95,1059.1,1290,1493.2,1741,1991.2,2279.5,2576.8,2939.8,3324,3603.1,3918.1,4251.4,4589.7,4965.2,5334.4,5686.3,6012.4,6285,6597.8,6922.9,7282.8,7617.1,7922.1,8213.7,8500.7,8778.1,9089,9450.1
-0.0027648,-0.0010147,-0.003979,0.011878,0.024825,0.03762,0.038568,0.039001,0.039824,0.058851,0.070884,0.099926,0.13497,0.13574,0.13619,0.13645,0.1363,0.13668,0.1366,0.13734,0.14752,0.14942,0.1604,0.17138,0.17211,0.17235,0.17347,0.18838,0.18954,0.19067,0.20328,0.23805,0.23926,0.24024,0.31069,0.31382,0.4931,0.49488,0.50516,0.51813,0.58136,0.67058,0.73109,0.98823,1.362,2.3011,3.5582,4.6025,6.7811,9.0651,10.839,14.575,19.934,27.007,34.45,45.409,63.385,99.897,162.15,246.07,350.41,496.3,676.34,848.24,1090.5,1389.7,1674,2038.7,2359.1,2750.2,3145.1,3599.8,4068.9,4641.3,5247.6,5687.8,6184.3,6709.8,7243.3,7835.5,8417.7,8972.6,9486.6,9916.1,10409,10922,11489,12016,12497,12956,13408,13844,14334,14902
-0.0027748,-0.0010184,-0.0039934,0.011921,0.024915,0.037756,0.038707,0.039142,0.039968,0.059064,0.07114,0.10029,0.13546,0.13623,0.13668,0.13694,0.1368,0.13717,0.1371,0.13784,0.14806,0.14996,0.16098,0.172,0.17273,0.17297,0.1741,0.18906,0.19023,0.19136,0.20402,0.23891,0.24012,0.24111,0.31182,0.31496,0.49488,0.49667,0.50699,0.52001,0.58346,0.673,0.73373,0.9918,1.3669,2.3094,3.571,4.6191,6.8056,9.0978,10.878,14.627,20.006,27.104,34.575,45.573,63.614,100.26,162.74,246.96,351.67,498.1,678.79,851.31,1094.5,1394.7,1680,2046,2367.7,2760.1,3156.5,3612.8,4083.7,4658,5266.6,5708.4,6206.6,6734.1,7269.5,7863.9,8448.2,9005,9520.9,9952,10447,10962,11531,12060,12542,13003,13456,13894,14386,14956
-0.0028414,-0.0010098,-0.0040507,0.012207,0.025443,0.038553,0.039524,0.039968,0.040811,0.060285,0.072615,0.10233,0.13824,0.13903,0.13949,0.13976,0.13961,0.14,0.13992,0.14067,0.15111,0.15305,0.16429,0.17553,0.17628,0.17652,0.17767,0.19292,0.19411,0.19526,0.20819,0.24379,0.24502,0.24603,0.31826,0.32146,0.50516,0.50699,0.51756,0.53091,0.59605,0.68756,0.74999,1.0154,1.4009,2.3669,3.6632,4.7362,6.9748,9.3209,11.147,14.995,20.503,27.784,35.432,46.698,65.189,102.77,166.86,253.35,360.81,511.12,696.56,873.5,1123,1430.4,1722.6,2097.7,2427,2828.9,3235,3702.1,4184.2,4772.2,5395.4,5847.7,6357.5,6897.4,7445.4,8053.8,8651.9,9221.9,9749.7,10191,10697,11224,11807,12347,12841,13312,13776,14223,14726,15309
-0.002926,-0.00099702,-0.0041214,0.012571,0.02611,0.039561,0.040556,0.041011,0.041875,0.061826,0.074476,0.10492,0.14175,0.14256,0.14304,0.14331,0.14317,0.14356,0.14348,0.14425,0.15496,0.15695,0.16847,0.17999,0.18075,0.181,0.18218,0.19779,0.199,0.20019,0.21344,0.24994,0.2512,0.25224,0.32638,0.32967,0.51813,0.52001,0.53091,0.54469,0.61198,0.70599,0.77058,1.0454,1.4441,2.4402,3.7808,4.8855,7.1904,9.6047,11.49,15.464,21.137,28.65,36.522,48.129,67.194,105.97,172.11,261.5,372.47,527.73,719.24,901.8,1159.4,1476,1776.9,2163.6,2502.7,2916.5,3334.9,3815.8,4312.3,4917.5,5559.3,6024.8,6549.4,7105.2,7669.1,8295.3,8911,9497.7,10041,10494,11015,11558,12157,12713,13221,13705,14182,14642,15158,15757
-0.0033509,-0.00089338,-0.0044302,0.014396,0.029374,0.044488,0.045603,0.046114,0.04708,0.069329,0.083539,0.11745,0.15884,0.15974,0.16028,0.16061,0.16044,0.16089,0.1608,0.16166,0.1737,0.17593,0.18878,0.20164,0.20249,0.20276,0.20409,0.22141,0.22277,0.2241,0.23897,0.27979,0.28121,0.28237,0.36593,0.3696,0.58136,0.58346,0.59605,0.61198,0.69026,0.79657,0.87234,1.1958,1.6628,2.8104,4.3789,5.6424,8.2795,11.035,13.218,17.836,24.338,33.033,42.031,55.354,77.315,122.16,198.73,302.99,431.84,612.41,834.88,1046,1344.7,1707.5,2052.3,2497.3,2885.6,3359.4,3839.9,4389.5,4958,5649.5,6385,6917.1,7515.1,8150.2,8794.1,9509.3,10213,10883,11502,12018,12610,13235,13916,14548,15126,15676,16215,16736,17320,17999
-0.0038721,-0.0010073,-0.0050902,0.016636,0.03389,0.051326,0.052612,0.053202,0.054316,0.079965,0.096358,0.13545,0.1832,0.18423,0.18486,0.18524,0.18505,0.18556,0.18546,0.18646,0.20034,0.20291,0.21773,0.23255,0.23353,0.23385,0.23538,0.25533,0.25691,0.25844,0.2756,0.32267,0.32431,0.32564,0.42207,0.4263,0.67058,0.673,0.68756,0.70599,0.79657,0.91929,1.007,1.3817,1.9223,3.2492,5.0651,6.5249,9.572,12.755,15.281,20.623,28.137,38.194,48.591,63.989,89.379,141.24,229.81,350.47,499.55,708.49,965.88,1210.1,1555.5,1974.8,2373.3,2887.8,3336.4,3884,4439.4,5074.3,5731.3,6530.1,7380.1,7994.9,8685.6,9419.4,10163,10990,11802,12577,13291,13887,14572,15293,16081,16810,17477,18113,18735,19336,20011,20794
-0.0042945,-0.00085585,-0.0053408,0.018451,0.037033,0.056065,0.057466,0.05811,0.05932,0.087137,0.10503,0.14738,0.1995,0.20063,0.20131,0.20176,0.20154,0.20211,0.20199,0.20307,0.21824,0.22103,0.23712,0.2532,0.25426,0.25461,0.25628,0.27782,0.27954,0.28121,0.29991,0.35109,0.35288,0.35433,0.45986,0.46446,0.73109,0.73373,0.74999,0.77058,0.87234,1.007,1.1062,1.5309,2.1414,3.6204,5.6693,7.2866,10.664,14.185,17.011,23.006,31.344,42.595,54.107,71.217,99.513,157.49,256.59,392.4,559.6,794.25,1083,1356,1743.1,2208.2,2650.4,3223.4,3720.8,4328.1,4945.5,5648.5,6377.1,7261.4,8204.5,8885.3,9648.5,10461,11284,12198,13098,13955,14745,15402,16157,16959,17828,18633,19368,20068,20752,21411,22153,23015
-0.0061175,-0.00011925,-0.0063257,0.026283,0.050419,0.076246,0.078132,0.079005,0.080625,0.1176,0.14186,0.19797,0.2687,0.2702,0.27115,0.27185,0.27154,0.27233,0.27216,0.27361,0.29422,0.29798,0.3194,0.34081,0.34224,0.34268,0.34496,0.37317,0.37549,0.37773,0.40301,0.47162,0.47405,0.47598,0.62034,0.6265,0.98823,0.9918,1.0154,1.0454,1.1958,1.3817,1.5309,2.1745,3.09,5.2278,8.2933,10.59,15.39,20.364,24.498,33.334,45.232,61.662,77.985,102.49,143.37,227.88,372.74,574.52,820.52,1167,1592.3,1990.2,2558.1,3221.5,3852,4678.4,5386.5,6251.2,7136.5,8133.3,9171,10423,11769,12734,13809,14960,16124,17418,18693,19907,21017,21940,22998,24149,25368,26493,27524,28501,29448,30358,31387,32581
-0.0087077,0.00075451,-0.0079267,0.037411,0.069807,0.10549,0.10808,0.10929,0.11151,0.1619,0.19541,0.27175,0.36946,0.37151,0.37284,0.37388,0.37346,0.37456,0.37431,0.3763,0.4048,0.40997,0.4392,0.46842,0.47037,0.47097,0.47412,0.51221,0.51539,0.51847,0.55332,0.64735,0.65071,0.65335,0.85382,0.86226,1.362,1.3669,1.4009,1.4441,1.6628,1.9223,2.1414,3.09,4.4315,7.5006,11.988,15.25,22.073,29.12,35.094,47.919,64.873,88.6,111.77,146.77,205.43,327.33,536.63,830.86,1187.6,1691.1,2308.2,2882.2,3704.3,4649.2,5547.4,6732.1,7739.6,8970.3,10235,11650,13127,14904,16820,18191,19711,21344,22993,24829,26638,28359,29928,31229,32722,34366,36086,37670,39124,40497,41821,43093,44534,46206
-0.014733,0.001346,-0.013331,0.063299,0.11797,0.17826,0.18264,0.18468,0.18842,0.27352,0.33015,0.45904,0.62414,0.62761,0.62985,0.63163,0.63091,0.63278,0.63236,0.63571,0.68387,0.69261,0.74196,0.79132,0.79461,0.79563,0.80095,0.86523,0.8706,0.87581,0.93469,1.0935,1.0992,1.1037,1.4425,1.4567,2.3011,2.3094,2.3669,2.4402,2.8104,3.2492,3.6204,5.2278,7.5006,12.696,20.297,25.817,37.361,49.281,59.396,81.115,109.8,149.97,189.17,248.39,347.69,554.07,908.42,1406.8,2010.9,2863.6,3908.6,4880.4,6272.4,7871.3,9391.1,11396,13101,15183,17324,19717,22216,25222,28465,30783,33354,36118,38907,42013,45074,47984,50640,52839,55364,58146,61056,63735,66193,68516,70754,72904,75341,78167
-0.023405,0.0041483,-0.018834,0.10055,0.18313,0.27656,0.28332,0.28648,0.29224,0.42258,0.5103,0.70735,0.96319,0.9685,0.97202,0.97495,0.97382,0.97676,0.97608,0.98125,1.0559,1.0694,1.1451,1.2208,1.2258,1.2274,1.2356,1.3332,1.3415,1.3495,1.4406,1.685,1.6938,1.7007,2.228,2.2499,3.5582,3.571,3.6632,3.7808,4.3789,5.0651,5.6693,8.2933,11.988,20.297,32.64,41.396,59.714,78.576,94.841,129.88,175.49,240.04,302.18,396.5,555.28,886.65,1456.3,2263.2,3237.2,4614.2,6299.7,7860.1,10101,12643,15058,18262,20969,24276,27688,31481,35451,40213,45368,49042,53104,57483,61899,66817,71666,76277,80470,83936,87918,92352,96941,1.0116e+05,1.0503e+05,1.0868e+05,1.1219e+05,1.1555e+05,1.1937e+05,1.238e+05
-0.029866,0.0040096,-0.025529,0.12831,0.23641,0.35713,0.36588,0.36996,0.37743,0.54685,0.66021,0.91657,1.2471,1.254,1.2586,1.2622,1.2608,1.2646,1.2637,1.2704,1.3668,1.3843,1.4826,1.5809,1.5875,1.5895,1.6002,1.7276,1.7383,1.7487,1.8665,2.1834,2.1948,2.2037,2.8835,2.912,4.6025,4.6191,4.7362,4.8855,5.6424,6.5249,7.2866,10.59,15.25,25.817,41.396,52.578,75.965,100.08,120.71,165.08,223.25,305.15,384.53,504.73,706.67,1127.3,1849.9,2869.8,4103.5,5846.3,7980.8,9961.3,12802,16044,19126,23202,26657,30877,35224,40070,45136,51220,57796,62490,67687,73282,78927,85212,91408,97300,1.0267e+05,1.0711e+05,1.1221e+05,1.1786e+05,1.2373e+05,1.2914e+05,1.341e+05,1.3879e+05,1.4329e+05,1.4762e+05,1.5252e+05,1.5821e+05
-0.04337,0.0038044,-0.039425,0.18633,0.34758,0.52525,0.53815,0.54416,0.5552,0.80608,0.97295,1.3529,1.8395,1.8497,1.8563,1.8615,1.8594,1.8649,1.8636,1.8735,2.0154,2.0412,2.1867,2.3322,2.3419,2.3449,2.3606,2.5501,2.566,2.5813,2.7548,3.223,3.2397,3.2528,4.251,4.2931,6.7811,6.8056,6.9748,7.1904,8.2795,9.572,10.664,15.39,22.073,37.361,59.714,75.965,109.95,145.04,174.8,238.69,323.13,441.32,556.72,731.02,1023.2,1630.5,2673,4138.8,5915.9,8424.3,11498,14358,18453,23159,27633,33533,38551,44681,50982,58028,65384,74233,83779,90603,98173,1.0631e+05,1.1452e+05,1.2366e+05,1.3267e+05,1.4124e+05,1.4906e+05,1.5554e+05,1.6297e+05,1.7116e+05,1.7973e+05,1.8762e+05,1.9486e+05,2.017e+05,2.0829e+05,2.1462e+05,2.218e+05,2.3012e+05
-0.057357,0.0030259,-0.054478,0.24642,0.46393,0.70124,0.71851,0.72654,0.74132,1.078,1.3009,1.8111,2.4609,2.4746,2.4834,2.4902,2.4874,2.4947,2.4931,2.5063,2.6958,2.7303,2.9254,3.1206,3.1336,3.1376,3.1585,3.4138,3.4349,3.4555,3.6874,4.3144,4.3367,4.3544,5.6854,5.7417,9.0651,9.0978,9.3209,9.6047,11.035,12.755,14.185,20.364,29.12,49.281,78.576,100.08,145.04,191.53,230.69,314.65,426.28,581.85,734.61,964.89,1350.3,2149.9,3521.9,5445.3,7781.2,11076,15116,18881,24267,30490,36405,44190,50827,58934,67257,76584,86313,98029,1.1065e+05,1.1968e+05,1.2972e+05,1.4049e+05,1.5136e+05,1.6347e+05,1.754e+05,1.8675e+05,1.9711e+05,2.057e+05,2.1557e+05,2.2638e+05,2.3775e+05,2.4822e+05,2.5782e+05,2.669e+05,2.7567e+05,2.841e+05,2.9364e+05,3.0471e+05
-0.069022,0.00508,-0.063881,0.29654,0.55524,0.83913,0.85977,0.86936,0.88702,1.2887,1.5553,2.1638,2.9412,2.9575,2.9681,2.9763,2.9729,2.9817,2.9798,2.9956,3.2223,3.2635,3.4963,3.7292,3.7447,3.7496,3.7746,4.0785,4.1038,4.1284,4.4057,5.1546,5.1813,5.2023,6.7962,6.8635,10.839,10.878,11.147,11.49,13.218,15.281,17.011,24.498,35.094,59.396,94.841,120.71,174.8,230.69,277.96,379.37,513.74,701.48,885.2,1162.5,1627,2591.7,4247.6,6573,9394.3,13376,18255,22798,29301,36790,43909,53291,61277,71033,81056,92274,1.0398e+05,1.1807e+05,1.3326e+05,1.4412e+05,1.5618e+05,1.6913e+05,1.8221e+05,1.9677e+05,2.1112e+05,2.2476e+05,2.3722e+05,2.4753e+05,2.5938e+05,2.7241e+05,2.8606e+05,2.9863e+05,3.1017e+05,3.2107e+05,3.3159e+05,3.4169e+05,3.5314e+05,3.6642e+05
-0.093977,0.01071,-0.082555,0.40375,0.74794,1.13,1.1578,1.1707,1.1944,1.7321,2.0909,2.9049,3.9512,3.9731,3.9874,3.9988,3.9942,4.0061,4.0034,4.0246,4.3299,4.3852,4.6971,5.0091,5.0298,5.0363,5.07,5.4752,5.5093,5.5422,5.9151,6.9199,6.9559,6.9841,9.1337,9.2239,14.575,14.627,14.995,15.464,17.836,20.623,23.006,33.334,47.919,81.115,129.88,165.08,238.69,314.65,379.37,518.47,701.49,958.5,1208.4,1586.4,2220.9,3541,5808.3,9003.2,12872,18335,25027,31243,40153,50353,60049,72858,83730,97011,1.1068e+05,1.2594e+05,1.4188e+05,1.6103e+05,1.8172e+05,1.965e+05,2.1288e+05,2.3049e+05,2.4827e+05,2.6806e+05,2.8757e+05,3.0612e+05,3.2303e+05,3.3703e+05,3.5311e+05,3.7087e+05,3.8939e+05,4.0644e+05,4.2209e+05,4.3686e+05,4.5109e+05,4.6474e+05,4.8023e+05,4.982e+05
-0.12747,0.011106,-0.11596,0.54764,1.0217,1.544,1.5819,1.5996,1.632,2.3696,2.8601,3.9773,5.4074,5.4374,5.4569,5.4722,5.466,5.4822,5.4785,5.5076,5.9247,6.0004,6.4281,6.8559,6.8844,6.8932,6.9393,7.4966,7.5432,7.5883,8.0984,9.4746,9.5237,9.5624,12.497,12.62,19.934,20.006,20.503,21.137,24.338,28.137,31.344,45.232,64.873,109.8,175.49,223.25,323.13,426.28,513.74,701.49,949.67,1297,1636.2,2148.5,3007.3,4791.9,7855.8,12163,17386,24758,33791,42195,54229,68062,81210,98552,1.133e+05,1.3132e+05,1.4984e+05,1.7054e+05,1.9217e+05,2.1817e+05,2.4623e+05,2.6629e+05,2.8854e+05,3.1245e+05,3.3659e+05,3.6346e+05,3.8994e+05,4.1513e+05,4.3811e+05,4.5714e+05,4.79e+05,5.0306e+05,5.2825e+05,5.5143e+05,5.7271e+05,5.9281e+05,6.1219e+05,6.308e+05,6.519e+05,6.7637e+05
-0.17383,0.018809,-0.15387,0.74682,1.3856,2.0935,2.1449,2.1688,2.2127,3.2097,3.8746,5.384,7.3225,7.3631,7.3896,7.4106,7.4022,7.4242,7.4192,7.4586,8.024,8.1266,8.7048,9.2833,9.3218,9.3337,9.3962,10.148,10.211,10.272,10.963,12.826,12.892,12.945,16.926,17.093,27.007,27.104,27.784,28.65,33.033,38.194,42.595,61.662,88.6,149.97,240.04,305.15,441.32,581.85,701.48,958.5,1297,1772,2234.3,2933.4,4106.4,6546.5,10737,16639,23787,33881,46247,57737,74203,93069,1.11e+05,1.3469e+05,1.548e+05,1.7936e+05,2.0464e+05,2.3286e+05,2.6235e+05,2.9779e+05,3.3606e+05,3.6339e+05,3.9369e+05,4.2628e+05,4.5917e+05,4.9579e+05,5.3188e+05,5.662e+05,5.9749e+05,6.234e+05,6.5315e+05,6.86e+05,7.2028e+05,7.5183e+05,7.8079e+05,8.0813e+05,8.3447e+05,8.5975e+05,8.8843e+05,9.2169e+05
-0.21974,0.017363,-0.20199,0.94407,1.7651,2.6676,2.7332,2.7637,2.8198,4.0955,4.9431,6.8758,9.3469,9.3988,9.4324,9.4587,9.4479,9.4759,9.4696,9.5199,10.241,10.371,11.111,11.851,11.9,11.916,11.995,12.96,13.041,13.119,14,16.379,16.464,16.531,21.599,21.813,34.45,34.575,35.432,36.522,42.031,48.591,54.107,77.985,111.77,189.17,302.18,384.53,556.72,734.61,885.2,1208.4,1636.2,2234.3,2819.2,3702.1,5181.6,8255,13531,20943,29934,42622,58173,72644,93364,1.1721e+05,1.3987e+05,1.6975e+05,1.9518e+05,2.2624e+05,2.5815e+05,2.9386e+05,3.3113e+05,3.7598e+05,4.2434e+05,4.5893e+05,4.973e+05,5.3853e+05,5.8016e+05,6.2649e+05,6.7216e+05,7.1559e+05,7.5523e+05,7.8806e+05,8.2576e+05,8.6724e+05,9.1069e+05,9.5069e+05,9.874e+05,1.0221e+06,1.0555e+06,1.0877e+06,1.1241e+06,1.1663e+06
-0.28875,0.019924,-0.26879,1.2405,2.3256,3.5148,3.6013,3.6415,3.7155,5.3989,6.5158,9.0665,12.323,12.391,12.436,12.47,12.456,12.493,12.484,12.551,13.5,13.673,14.649,15.625,15.69,15.71,15.815,17.089,17.195,17.298,18.46,21.598,21.71,21.798,28.473,28.755,45.409,45.573,46.698,48.129,55.354,63.989,71.217,102.49,146.77,248.39,396.5,504.73,731.02,964.89,1162.5,1586.4,2148.5,2933.4,3702.1,4861.9,6804.6,10838,17761,27479,39272,55913,76311,95303,1.2249e+05,1.5382e+05,1.836e+05,2.2283e+05,2.5624e+05,2.9706e+05,3.3898e+05,3.8591e+05,4.3489e+05,4.9384e+05,5.5739e+05,6.0284e+05,6.533e+05,7.0749e+05,7.6222e+05,8.2312e+05,8.8315e+05,9.4024e+05,9.9236e+05,1.0355e+06,1.0851e+06,1.1396e+06,1.1968e+06,1.2494e+06,1.2976e+06,1.3433e+06,1.3873e+06,1.4296e+06,1.4775e+06,1.5331e+06
-0.40396,0.030799,-0.37262,1.7355,3.2473,4.9076,5.0283,5.0844,5.1876,7.5356,9.095,12.652,17.199,17.294,17.356,17.404,17.384,17.436,17.424,17.517,18.842,19.083,20.445,21.806,21.897,21.925,22.072,23.848,23.996,24.14,25.761,30.14,30.296,30.419,39.742,40.135,63.385,63.614,65.189,67.194,77.315,89.379,99.513,143.37,205.43,347.69,555.28,706.67,1023.2,1350.3,1627,2220.9,3007.3,4106.4,5181.6,6804.6,9523.9,15172,24867,38484,55004,78317,1.0689e+05,1.3348e+05,1.7156e+05,2.1539e+05,2.5706e+05,3.1198e+05,3.5871e+05,4.1581e+05,4.7448e+05,5.4013e+05,6.0864e+05,6.911e+05,7.8e+05,8.4358e+05,9.1414e+05,9.8994e+05,1.0665e+06,1.1517e+06,1.2356e+06,1.3155e+06,1.3883e+06,1.4487e+06,1.5181e+06,1.5943e+06,1.6742e+06,1.7477e+06,1.8152e+06,1.879e+06,1.9405e+06,1.9996e+06,2.0666e+06,2.1443e+06
-0.64236,0.067498,-0.57094,2.7598,5.1245,7.7429,7.933,8.0215,8.1839,11.873,14.332,19.918,27.088,27.238,27.336,27.413,27.382,27.464,27.445,27.591,29.682,30.062,32.201,34.341,34.484,34.528,34.759,37.542,37.775,38.001,40.557,47.447,47.694,47.887,62.611,63.23,99.897,100.26,102.77,105.97,122.16,141.24,157.49,227.88,327.33,554.07,886.65,1127.3,1630.5,2149.9,2591.7,3541,4791.9,6546.5,8255,10838,15172,24185,39664,61459,87859,1.2514e+05,1.7081e+05,2.1325e+05,2.7407e+05,3.4378e+05,4.1005e+05,4.9755e+05,5.7187e+05,6.6265e+05,7.5604e+05,8.6035e+05,9.693e+05,1.1003e+06,1.2417e+06,1.3427e+06,1.4547e+06,1.5751e+06,1.6967e+06,1.832e+06,1.9654e+06,2.0923e+06,2.2079e+06,2.3037e+06,2.4137e+06,2.535e+06,2.6618e+06,2.7784e+06,2.8854e+06,2.9865e+06,3.0839e+06,3.1774e+06,3.2834e+06,3.4064e+06
-1.0511,0.13775,-0.90245,4.516,8.3276,12.58,12.889,13.033,13.296,19.267,23.26,32.296,43.941,44.185,44.344,44.473,44.422,44.554,44.524,44.76,48.158,48.773,52.237,55.702,55.933,56.004,56.38,60.872,61.251,61.617,65.766,76.934,77.334,77.648,101.59,102.6,162.15,162.74,166.86,172.11,198.73,229.81,256.59,372.74,536.63,908.42,1456.3,1849.9,2673,3521.9,4247.6,5808.3,7855.8,10737,13531,17761,24867,39664,65084,1.0096e+05,1.4435e+05,2.0566e+05,2.8074e+05,3.5042e+05,4.5034e+05,5.6444e+05,6.729e+05,8.1633e+05,9.3793e+05,1.0865e+06,1.2395e+06,1.41e+06,1.5883e+06,1.8025e+06,2.0339e+06,2.1991e+06,2.3821e+06,2.579e+06,2.7777e+06,2.9989e+06,3.2171e+06,3.4244e+06,3.6134e+06,3.7697e+06,3.9492e+06,4.148e+06,4.355e+06,4.5452e+06,4.72e+06,4.8849e+06,5.0436e+06,5.1958e+06,5.3687e+06,5.569e+06
-1.6215,0.29671,-1.294,6.9666,12.668,19.13,19.598,19.816,20.214,29.222,35.289,48.905,66.601,66.968,67.211,67.415,67.337,67.54,67.493,67.85,73.015,73.948,79.177,84.408,84.757,84.864,85.435,92.176,92.75,93.305,99.601,116.5,117.11,117.58,154.07,155.58,246.07,246.96,253.35,261.5,302.99,350.47,392.4,574.52,830.86,1406.8,2263.2,2869.8,4138.8,5445.3,6573,9003.2,12163,16639,20943,27479,38484,61459,1.0096e+05,1.5693e+05,2.2447e+05,3.1998e+05,4.3688e+05,5.4506e+05,7.0047e+05,8.7655e+05,1.0439e+06,1.266e+06,1.4535e+06,1.6826e+06,1.9191e+06,2.1818e+06,2.4569e+06,2.7867e+06,3.1439e+06,3.3984e+06,3.6797e+06,3.983e+06,4.2889e+06,4.6295e+06,4.9655e+06,5.2848e+06,5.5752e+06,5.8153e+06,6.091e+06,6.3982e+06,6.7161e+06,7.008e+06,7.2764e+06,7.5292e+06,7.7718e+06,8.0045e+06,8.269e+06,8.5756e+06
-2.3162,0.44606,-1.8224,9.9512,18.048,27.253,27.918,28.229,28.795,41.608,50.25,69.615,94.82,95.342,95.689,95.982,95.87,96.16,96.093,96.601,103.96,105.29,112.73,120.17,120.66,120.82,121.63,131.21,132.02,132.82,141.78,165.83,166.7,167.37,219.37,221.53,350.41,351.67,360.81,372.47,431.84,499.55,559.6,820.52,1187.6,2010.9,3237.2,4103.5,5915.9,7781.2,9394.3,12872,17386,23787,29934,39272,55004,87859,1.4435e+05,2.2447e+05,3.2111e+05,4.5779e+05,6.2504e+05,7.7975e+05,1.0021e+06,1.2536e+06,1.4927e+06,1.8101e+06,2.0779e+06,2.4052e+06,2.7431e+06,3.1183e+06,3.5111e+06,3.9821e+06,4.4924e+06,4.8558e+06,5.2574e+06,5.6905e+06,6.1273e+06,6.6137e+06,7.0934e+06,7.5494e+06,7.964e+06,8.3066e+06,8.7001e+06,9.1391e+06,9.5927e+06,1.0009e+07,1.0392e+07,1.0753e+07,1.1099e+07,1.1431e+07,1.1808e+07,1.2245e+07
-3.2951,0.67995,-2.5397,14.157,25.579,38.621,39.563,40.004,40.805,58.924,71.168,98.542,134.25,134.99,135.49,135.9,135.75,136.16,136.06,136.78,147.21,149.09,159.61,170.13,170.84,171.05,172.2,185.73,186.88,188,200.7,234.74,235.97,236.92,310.64,313.7,496.3,498.1,511.12,527.73,612.41,708.49,794.25,1167,1691.1,2863.6,4614.2,5846.3,8424.3,11076,13376,18335,24758,33881,42622,55913,78317,1.2514e+05,2.0566e+05,3.1998e+05,4.5779e+05,6.5273e+05,8.9124e+05,1.1117e+06,1.4287e+06,1.7865e+06,2.1267e+06,2.5786e+06,2.9597e+06,3.4253e+06,3.9061e+06,4.4398e+06,4.9986e+06,5.6684e+06,6.3943e+06,6.9112e+06,7.482e+06,8.0979e+06,8.7189e+06,9.4106e+06,1.0093e+07,1.0741e+07,1.133e+07,1.1817e+07,1.2376e+07,1.3001e+07,1.3646e+07,1.4237e+07,1.4782e+07,1.5294e+07,1.5785e+07,1.6256e+07,1.6791e+07,1.7412e+07
-4.4962,0.94577,-3.4446,19.317,34.865,52.64,53.923,54.524,55.616,80.295,96.982,134.27,182.94,183.94,184.62,185.19,184.97,185.53,185.4,186.38,200.59,203.16,217.49,231.82,232.78,233.07,234.65,253.06,254.63,256.16,273.47,319.84,321.51,322.81,423.31,427.47,676.34,678.79,696.56,719.24,834.88,965.88,1083,1592.3,2308.2,3908.6,6299.7,7980.8,11498,15116,18255,25027,33791,46247,58173,76311,1.0689e+05,1.7081e+05,2.8074e+05,4.3688e+05,6.2504e+05,8.9124e+05,1.2169e+06,1.5179e+06,1.9507e+06,2.439e+06,2.9031e+06,3.5199e+06,4.0399e+06,4.6752e+06,5.3315e+06,6.0595e+06,6.8221e+06,7.7359e+06,8.7265e+06,9.4316e+06,1.021e+07,1.1051e+07,1.1898e+07,1.2841e+07,1.3772e+07,1.4657e+07,1.5461e+07,1.6125e+07,1.6887e+07,1.774e+07,1.8619e+07,1.9426e+07,2.0169e+07,2.0867e+07,2.1537e+07,2.2179e+07,2.2909e+07,2.3756e+07
-5.6188,1.119,-4.3779,24.14,43.703,65.989,67.6,68.353,69.723,100.72,121.64,168.47,229.5,230.76,231.6,232.31,232.04,232.75,232.58,233.81,251.63,254.84,272.84,290.84,292.04,292.41,294.38,317.53,319.51,321.42,343.13,401.32,403.42,405.06,530.98,536.21,848.24,851.31,873.5,901.8,1046,1210.1,1356,1990.2,2882.2,4880.4,7860.1,9961.3,14358,18881,22798,31243,42195,57737,72644,95303,1.3348e+05,2.1325e+05,3.5042e+05,5.4506e+05,7.7975e+05,1.1117e+06,1.5179e+06,1.8935e+06,2.4334e+06,3.0436e+06,3.6236e+06,4.3938e+06,5.0436e+06,5.8376e+06,6.6573e+06,7.5674e+06,8.5203e+06,9.6627e+06,1.0901e+07,1.1782e+07,1.2756e+07,1.3806e+07,1.4865e+07,1.6045e+07,1.7209e+07,1.8315e+07,1.932e+07,2.015e+07,2.1104e+07,2.217e+07,2.3269e+07,2.4279e+07,2.5208e+07,2.6082e+07,2.6921e+07,2.7724e+07,2.8639e+07,2.9698e+07
-7.2217,1.4322,-5.6338,31.027,56.183,84.835,86.905,87.873,89.635,129.48,156.38,216.6,295.05,296.68,297.76,298.67,298.33,299.23,299.02,300.6,323.5,327.64,350.77,373.92,375.47,375.94,378.47,408.24,410.78,413.24,441.15,515.97,518.67,520.77,682.65,689.37,1090.5,1094.5,1123,1159.4,1344.7,1555.5,1743.1,2558.1,3704.3,6272.4,10101,12802,18453,24267,29301,40153,54229,74203,93364,1.2249e+05,1.7156e+05,2.7407e+05,4.5034e+05,7.0047e+05,1.0021e+06,1.4287e+06,1.9507e+06,2.4334e+06,3.1272e+06,3.9114e+06,4.6569e+06,5.6468e+06,6.482e+06,7.5025e+06,8.556e+06,9.7258e+06,1.0951e+07,1.2419e+07,1.401e+07,1.5143e+07,1.6394e+07,1.7745e+07,1.9106e+07,2.0622e+07,2.2118e+07,2.3539e+07,2.4831e+07,2.5899e+07,2.7125e+07,2.8494e+07,2.9908e+07,3.1206e+07,3.24e+07,3.3523e+07,3.4601e+07,3.5635e+07,3.681e+07,3.8172e+07
-9.0889,1.4469,-7.505,39.049,71.464,107.94,110.58,111.81,114.06,165.07,199.32,276.47,376.34,378.42,379.79,380.92,380.48,381.63,381.36,383.38,412.53,417.8,447.4,477.02,478.99,479.6,482.82,521.09,524.33,527.47,563.03,658.59,662.03,664.71,870.37,878.95,1389.7,1394.7,1430.4,1476,1707.5,1974.8,2208.2,3221.5,4649.2,7871.3,12643,16044,23159,30490,36790,50353,68062,93069,1.1721e+05,1.5382e+05,2.1539e+05,3.4378e+05,5.6444e+05,8.7655e+05,1.2536e+06,1.7865e+06,2.439e+06,3.0436e+06,3.9114e+06,4.8982e+06,5.8362e+06,7.0787e+06,8.13e+06,9.4144e+06,1.0738e+07,1.2212e+07,1.3754e+07,1.5604e+07,1.7606e+07,1.9033e+07,2.0612e+07,2.2314e+07,2.403e+07,2.5941e+07,2.7825e+07,2.9616e+07,3.1247e+07,3.2595e+07,3.4144e+07,3.5864e+07,3.7649e+07,3.929e+07,4.0797e+07,4.2218e+07,4.3584e+07,4.4894e+07,4.6382e+07,4.8107e+07
-10.864,1.4616,-9.2827,46.673,85.986,129.9,133.08,134.56,137.28,198.9,240.13,333.37,453.6,456.11,457.76,459.09,458.56,459.94,459.62,462.06,497.14,503.49,539.24,575,577.39,578.12,582,628.34,632.25,636.03,678.86,794.14,798.27,801.51,1048.8,1059.1,1674,1680,1722.6,1776.9,2052.3,2373.3,2650.4,3852,5547.4,9391.1,15058,19126,27633,36405,43909,60049,81210,1.11e+05,1.3987e+05,1.836e+05,2.5706e+05,4.1005e+05,6.729e+05,1.0439e+06,1.4927e+06,2.1267e+06,2.9031e+06,3.6236e+06,4.6569e+06,5.8362e+06,6.9571e+06,8.4399e+06,9.6965e+06,1.1232e+07,1.2813e+07,1.4576e+07,1.6418e+07,1.8631e+07,2.1024e+07,2.2731e+07,2.4621e+07,2.6656e+07,2.871e+07,3.0996e+07,3.325e+07,3.5393e+07,3.7345e+07,3.896e+07,4.0815e+07,4.287e+07,4.5008e+07,4.6974e+07,4.878e+07,5.0483e+07,5.2122e+07,5.3694e+07,5.548e+07,5.755e+07
-13.192,1.6535,-11.414,56.677,104.67,158.14,162.01,163.82,167.13,242.25,292.45,406.14,552.54,555.6,557.6,559.21,558.57,560.24,559.86,562.82,605.53,613.27,656.85,700.44,703.34,704.24,708.96,765.51,770.27,774.88,827.04,967.49,972.53,976.47,1277.4,1290,2038.7,2046,2097.7,2163.6,2497.3,2887.8,3223.4,4678.4,6732.1,11396,18262,23202,33533,44190,53291,72858,98552,1.3469e+05,1.6975e+05,2.2283e+05,3.1198e+05,4.9755e+05,8.1633e+05,1.266e+06,1.8101e+06,2.5786e+06,3.5199e+06,4.3938e+06,5.6468e+06,7.0787e+06,8.4399e+06,1.0239e+07,1.1765e+07,1.363e+07,1.5549e+07,1.769e+07,1.9928e+07,2.2616e+07,2.5521e+07,2.7594e+07,2.9891e+07,3.2363e+07,3.4858e+07,3.7635e+07,4.0373e+07,4.2976e+07,4.5348e+07,4.7311e+07,4.9565e+07,5.206e+07,5.4658e+07,5.7047e+07,5.9242e+07,6.1313e+07,6.3306e+07,6.5219e+07,6.739e+07,6.9907e+07
-15.185,1.6437,-13.44,65.238,121.03,182.88,187.36,189.45,193.29,280.38,338.45,470.31,639.65,643.19,645.5,647.34,646.6,648.53,648.09,651.53,700.92,709.88,760.4,810.92,814.29,815.33,820.79,886.46,891.97,897.31,957.67,1120.4,1126.2,1130.7,1478.5,1493.2,2359.1,2367.7,2427,2502.7,2885.6,3336.4,3720.8,5386.5,7739.6,13101,20969,26657,38551,50827,61277,83730,1.133e+05,1.548e+05,1.9518e+05,2.5624e+05,3.5871e+05,5.7187e+05,9.3793e+05,1.4535e+06,2.0779e+06,2.9597e+06,4.0399e+06,5.0436e+06,6.482e+06,8.13e+06,9.6965e+06,1.1765e+07,1.3522e+07,1.5668e+07,1.7876e+07,2.0342e+07,2.2917e+07,2.6013e+07,2.9356e+07,3.1744e+07,3.4391e+07,3.7237e+07,4.0111e+07,4.3309e+07,4.6462e+07,4.946e+07,5.2194e+07,5.4457e+07,5.7056e+07,5.9925e+07,6.292e+07,6.5675e+07,6.8205e+07,7.0594e+07,7.2894e+07,7.5103e+07,7.7609e+07,8.0514e+07
-17.618,1.6392,-15.907,75.693,141,213.06,218.3,220.73,225.21,326.9,394.58,548.59,745.93,750.07,752.75,754.87,754.01,756.25,755.75,759.76,817.31,827.76,886.73,945.72,949.65,950.86,957.23,1034,1040.4,1046.7,1117,1306.8,1313.6,1319,1724,1741,2750.2,2760.1,2828.9,2916.5,3359.4,3884,4328.1,6251.2,8970.3,15183,24276,30877,44681,58934,71033,97011,1.3132e+05,1.7936e+05,2.2624e+05,2.9706e+05,4.1581e+05,6.6265e+05,1.0865e+06,1.6826e+06,2.4052e+06,3.4253e+06,4.6752e+06,5.8376e+06,7.5025e+06,9.4144e+06,1.1232e+07,1.363e+07,1.5668e+07,1.8158e+07,2.0718e+07,2.358e+07,2.6569e+07,3.0163e+07,3.4041e+07,3.6812e+07,3.9886e+07,4.3191e+07,4.6526e+07,5.024e+07,5.3899e+07,5.738e+07,6.0555e+07,6.3184e+07,6.6203e+07,6.9531e+07,7.301e+07,7.6212e+07,7.9152e+07,8.1928e+07,8.4604e+07,8.7174e+07,9.0087e+07,9.3466e+07
-20.111,1.7514,-18.297,86.405,161.21,243.61,249.6,252.38,257.5,373.87,451.27,627.53,853.18,857.91,860.98,863.39,862.41,864.97,864.39,868.98,934.79,946.74,1014.2,1081.7,1086.2,1087.6,1094.9,1182.8,1190.2,1197.3,1277.8,1494.9,1502.6,1508.8,1971.7,1991.2,3145.1,3156.5,3235,3334.9,3839.9,4439.4,4945.5,7136.5,10235,17324,27688,35224,50982,67257,81056,1.1068e+05,1.4984e+05,2.0464e+05,2.5815e+05,3.3898e+05,4.7448e+05,7.5604e+05,1.2395e+06,1.9191e+06,2.7431e+06,3.9061e+06,5.3315e+06,6.6573e+06,8.556e+06,1.0738e+07,1.2813e+07,1.5549e+07,1.7876e+07,2.0718e+07,2.364e+07,2.6908e+07,3.0319e+07,3.4423e+07,3.8849e+07,4.2014e+07,4.5524e+07,4.9297e+07,5.3105e+07,5.7345e+07,6.1523e+07,6.5497e+07,6.9123e+07,7.2126e+07,7.5574e+07,7.9371e+07,8.3345e+07,8.7003e+07,9.036e+07,9.3532e+07,9.6589e+07,9.9526e+07,1.0285e+08,1.0672e+08
-22.915,1.6597,-21.239,98.449,184.39,278.67,285.53,288.72,294.58,427.99,516.54,718.66,976.84,982.26,985.77,988.5,987.38,990.3,989.64,994.9,1070.2,1083.9,1161.2,1238.6,1243.7,1245.3,1253.6,1354.6,1363,1371.2,1463.3,1712,1720.9,1727.8,2257.2,2279.5,3599.8,3612.8,3702.1,3815.8,4389.5,5074.3,5648.5,8133.3,11650,19717,31481,40070,58028,76584,92274,1.2594e+05,1.7054e+05,2.3286e+05,2.9386e+05,3.8591e+05,5.4013e+05,8.6035e+05,1.41e+06,2.1818e+06,3.1183e+06,4.4398e+06,6.0595e+06,7.5674e+06,9.7258e+06,1.2212e+07,1.4576e+07,1.769e+07,2.0342e+07,2.358e+07,2.6908e+07,3.0632e+07,3.4519e+07,3.9197e+07,4.424e+07,4.7847e+07,5.185e+07,5.615e+07,6.0493e+07,6.5326e+07,7.0089e+07,7.4619e+07,7.8754e+07,8.218e+07,8.6114e+07,9.0438e+07,9.4972e+07,9.9146e+07,1.0298e+08,1.066e+08,1.1009e+08,1.1344e+08,1.1724e+08,1.2165e+08
-25.835,1.6567,-24.196,111,208.35,314.89,322.64,326.25,332.88,483.8,583.88,812.58,1104.3,1110.5,1114.4,1117.5,1116.2,1119.5,1118.8,1124.7,1209.8,1225.3,1312.8,1400.3,1406.1,1407.9,1417.3,1531.6,1541.1,1550.3,1654.5,1935.7,1945.7,1953.6,2551.6,2576.8,4068.9,4083.7,4184.2,4312.3,4958,5731.3,6377.1,9171,13127,22216,35451,45136,65384,86313,1.0398e+05,1.4188e+05,1.9217e+05,2.6235e+05,3.3113e+05,4.3489e+05,6.0864e+05,9.693e+05,1.5883e+06,2.4569e+06,3.5111e+06,4.9986e+06,6.8221e+06,8.5203e+06,1.0951e+07,1.3754e+07,1.6418e+07,1.9928e+07,2.2917e+07,2.6569e+07,3.0319e+07,3.4519e+07,3.8901e+07,4.4176e+07,4.9862e+07,5.3929e+07,5.8445e+07,6.3295e+07,6.8192e+07,7.3643e+07,7.9014e+07,8.4123e+07,8.8788e+07,9.2653e+07,9.7092e+07,1.0197e+08,1.0708e+08,1.1179e+08,1.1611e+08,1.202e+08,1.2414e+08,1.2793e+08,1.3222e+08,1.372e+08
-29.358,1.5199,-27.918,126.13,237.52,359.02,367.86,371.97,379.54,551.92,666.04,927.32,1260,1267,1271.5,1275,1273.6,1277.3,1276.5,1283.3,1380.3,1397.9,1497.8,1597.8,1604.4,1606.5,1617.2,1747.9,1758.7,1769.3,1888,2209,2220.5,2229.5,2910.9,2939.8,4641.3,4658,4772.2,4917.5,5649.5,6530.1,7261.4,10423,14904,25222,40213,51220,74233,98029,1.1807e+05,1.6103e+05,2.1817e+05,2.9779e+05,3.7598e+05,4.9384e+05,6.911e+05,1.1003e+06,1.8025e+06,2.7867e+06,3.9821e+06,5.6684e+06,7.7359e+06,9.6627e+06,1.2419e+07,1.5604e+07,1.8631e+07,2.2616e+07,2.6013e+07,3.0163e+07,3.4423e+07,3.9197e+07,4.4176e+07,5.0173e+07,5.6633e+07,6.1257e+07,6.6392e+07,7.1905e+07,7.7473e+07,8.367e+07,8.9775e+07,9.5583e+07,1.0089e+08,1.0529e+08,1.1034e+08,1.1587e+08,1.2169e+08,1.2705e+08,1.3196e+08,1.3661e+08,1.411e+08,1.4542e+08,1.503e+08,1.5597e+08
-33.144,1.5563,-31.705,142.4,268.5,405.85,415.85,420.5,429.06,624.05,753.07,1048.7,1424.8,1432.7,1437.8,1441.7,1440.1,1444.3,1443.4,1451.1,1560.7,1580.7,1693.7,1806.7,1814.2,1816.6,1828.7,1976.6,1988.9,2000.8,2135,2498.1,2511,2521.2,3291.4,3324,5247.6,5266.6,5395.4,5559.3,6385,7380.1,8204.5,11769,16820,28465,45368,57796,83779,1.1065e+05,1.3326e+05,1.8172e+05,2.4623e+05,3.3606e+05,4.2434e+05,5.5739e+05,7.8e+05,1.2417e+06,2.0339e+06,3.1439e+06,4.4924e+06,6.3943e+06,8.7265e+06,1.0901e+07,1.401e+07,1.7606e+07,2.1024e+07,2.5521e+07,2.9356e+07,3.4041e+07,3.8849e+07,4.424e+07,4.9862e+07,5.6633e+07,6.3926e+07,6.9147e+07,7.4947e+07,8.1171e+07,8.7458e+07,9.4456e+07,1.0135e+08,1.0791e+08,1.139e+08,1.1887e+08,1.2457e+08,1.3082e+08,1.3739e+08,1.4344e+08,1.49e+08,1.5425e+08,1.5932e+08,1.6419e+08,1.6971e+08,1.7612e+08
-35.859,1.47,-34.551,154.06,290.94,439.8,450.64,455.67,464.96,676.44,816.27,1136.9,1544.5,1553.1,1558.6,1562.8,1561.1,1565.7,1564.6,1573,1691.8,1713.4,1836,1958.6,1966.7,1969.3,1982.4,2142.9,2156.2,2169.1,2314.6,2708.3,2722.3,2733.4,3567.8,3603.1,5687.8,5708.4,5847.7,6024.8,6917.1,7994.9,8885.3,12734,18191,30783,49042,62490,90603,1.1968e+05,1.4412e+05,1.965e+05,2.6629e+05,3.6339e+05,4.5893e+05,6.0284e+05,8.4358e+05,1.3427e+06,2.1991e+06,3.3984e+06,4.8558e+06,6.9112e+06,9.4316e+06,1.1782e+07,1.5143e+07,1.9033e+07,2.2731e+07,2.7594e+07,3.1744e+07,3.6812e+07,4.2014e+07,4.7847e+07,5.3929e+07,6.1257e+07,6.9147e+07,7.4796e+07,8.1073e+07,8.7809e+07,9.4613e+07,1.0218e+08,1.0965e+08,1.1674e+08,1.2323e+08,1.286e+08,1.3478e+08,1.4154e+08,1.4865e+08,1.552e+08,1.6121e+08,1.669e+08,1.7239e+08,1.7767e+08,1.8365e+08,1.9058e+08
-38.881,1.2385,-37.877,167.04,316.21,478.03,489.81,495.29,505.39,735.55,887.55,1236.5,1679.7,1689,1695,1699.5,1697.6,1702.6,1701.5,1710.6,1839.7,1863.2,1996.6,2130,2138.9,2141.7,2155.9,2330.8,2345.2,2359.3,2517.5,2945.7,2960.9,2973,3879.6,3918.1,6184.3,6206.6,6357.5,6549.4,7515.1,8685.6,9648.5,13809,19711,33354,53104,67687,98173,1.2972e+05,1.5618e+05,2.1288e+05,2.8854e+05,3.9369e+05,4.973e+05,6.533e+05,9.1414e+05,1.4547e+06,2.3821e+06,3.6797e+06,5.2574e+06,7.482e+06,1.021e+07,1.2756e+07,1.6394e+07,2.0612e+07,2.4621e+07,2.9891e+07,3.4391e+07,3.9886e+07,4.5524e+07,5.185e+07,5.8445e+07,6.6392e+07,7.4947e+07,8.1073e+07,8.7883e+07,9.5188e+07,1.0257e+08,1.1078e+08,1.1887e+08,1.2657e+08,1.3361e+08,1.3944e+08,1.4614e+08,1.5346e+08,1.6118e+08,1.6829e+08,1.7482e+08,1.8099e+08,1.8695e+08,1.9269e+08,1.9918e+08,2.067e+08
-42.118,1.1223,-41.286,180.95,343.01,518.55,531.34,537.28,548.24,798.1,963,1341.9,1822.6,1832.8,1839.3,1844.2,1842.1,1847.5,1846.3,1856.1,1996.2,2021.8,2166.5,2311.4,2321,2324,2339.5,2529.4,2545.1,2560.3,2731.9,3196.7,3213.2,3226.2,4209.6,4251.4,6709.8,6734.1,6897.4,7105.2,8150.2,9419.4,10461,14960,21344,36118,57483,73282,1.0631e+05,1.4049e+05,1.6913e+05,2.3049e+05,3.1245e+05,4.2628e+05,5.3853e+05,7.0749e+05,9.8994e+05,1.5751e+06,2.579e+06,3.983e+06,5.6905e+06,8.0979e+06,1.1051e+07,1.3806e+07,1.7745e+07,2.2314e+07,2.6656e+07,3.2363e+07,3.7237e+07,4.3191e+07,4.9297e+07,5.615e+07,6.3295e+07,7.1905e+07,8.1171e+07,8.7809e+07,9.5188e+07,1.031e+08,1.111e+08,1.2e+08,1.2876e+08,1.371e+08,1.4473e+08,1.5105e+08,1.5831e+08,1.6625e+08,1.7461e+08,1.8232e+08,1.8939e+08,1.9608e+08,2.0254e+08,2.0876e+08,2.158e+08,2.2396e+08
-45.39,0.95782,-44.787,195.01,370.19,559.67,573.48,579.88,591.72,861.59,1039.6,1448.9,1967.7,1978.7,1985.7,1991,1988.7,1994.6,1993.3,2003.9,2155.1,2182.7,2339.1,2495.5,2505.9,2509.1,2525.8,2731,2748,2764.4,2949.7,3451.5,3469.3,3483.5,4544.6,4589.7,7243.3,7269.5,7445.4,7669.1,8794.1,10163,11284,16124,22993,38907,61899,78927,1.1452e+05,1.5136e+05,1.8221e+05,2.4827e+05,3.3659e+05,4.5917e+05,5.8016e+05,7.6222e+05,1.0665e+06,1.6967e+06,2.7777e+06,4.2889e+06,6.1273e+06,8.7189e+06,1.1898e+07,1.4865e+07,1.9106e+07,2.403e+07,2.871e+07,3.4858e+07,4.0111e+07,4.6526e+07,5.3105e+07,6.0493e+07,6.8192e+07,7.7473e+07,8.7458e+07,9.4613e+07,1.0257e+08,1.111e+08,1.1972e+08,1.2931e+08,1.3876e+08,1.4775e+08,1.5597e+08,1.6279e+08,1.7061e+08,1.7916e+08,1.8818e+08,1.9649e+08,2.0412e+08,2.1133e+08,2.183e+08,2.2501e+08,2.326e+08,2.414e+08
-49.031,0.80081,-48.652,210.65,400.38,605.32,620.26,627.19,640,932.08,1124.6,1567.6,2128.9,2140.7,2148.3,2154,2151.6,2157.8,2156.5,2167.9,2331.5,2361.3,2530.6,2699.8,2711.1,2714.6,2732.7,2954.9,2973.2,2991,3191.4,3734.4,3753.7,3769,4916.4,4965.2,7835.5,7863.9,8053.8,8295.3,9509.3,10990,12198,17418,24829,42013,66817,85212,1.2366e+05,1.6347e+05,1.9677e+05,2.6806e+05,3.6346e+05,4.9579e+05,6.2649e+05,8.2312e+05,1.1517e+06,1.832e+06,2.9989e+06,4.6295e+06,6.6137e+06,9.4106e+06,1.2841e+07,1.6045e+07,2.0622e+07,2.5941e+07,3.0996e+07,3.7635e+07,4.3309e+07,5.024e+07,5.7345e+07,6.5326e+07,7.3643e+07,8.367e+07,9.4456e+07,1.0218e+08,1.1078e+08,1.2e+08,1.2931e+08,1.3967e+08,1.4988e+08,1.5959e+08,1.6847e+08,1.7584e+08,1.843e+08,1.9353e+08,2.0328e+08,2.1226e+08,2.205e+08,2.283e+08,2.3584e+08,2.4309e+08,2.5129e+08,2.6081e+08
-52.617,0.67059,-52.43,226.06,430.06,650.22,666.27,673.71,687.48,1001.4,1208.2,1684.3,2287.2,2300,2308.1,2314.2,2311.6,2318.3,2316.9,2329.2,2504.9,2536.9,2718.8,2900.7,2912.8,2916.6,2936,3174.9,3194.5,3213.6,3429,4012.4,4033.1,4049.6,5282,5334.4,8417.7,8448.2,8651.9,8911,10213,11802,13098,18693,26638,45074,71666,91408,1.3267e+05,1.754e+05,2.1112e+05,2.8757e+05,3.8994e+05,5.3188e+05,6.7216e+05,8.8315e+05,1.2356e+06,1.9654e+06,3.2171e+06,4.9655e+06,7.0934e+06,1.0093e+07,1.3772e+07,1.7209e+07,2.2118e+07,2.7825e+07,3.325e+07,4.0373e+07,4.6462e+07,5.3899e+07,6.1523e+07,7.0089e+07,7.9014e+07,8.9775e+07,1.0135e+08,1.0965e+08,1.1887e+08,1.2876e+08,1.3876e+08,1.4988e+08,1.6084e+08,1.7126e+08,1.8079e+08,1.887e+08,1.9778e+08,2.0769e+08,2.1815e+08,2.278e+08,2.3664e+08,2.4501e+08,2.5311e+08,2.6089e+08,2.697e+08,2.7992e+08
-56.029,0.52795,-56.047,240.72,458.34,692.99,710.1,718.04,732.71,1067.4,1287.9,1795.6,2438.1,2451.7,2460.4,2466.9,2464.1,2471.3,2469.7,2482.9,2670.1,2704.3,2898.2,3092.2,3105.1,3109.1,3129.8,3384.5,3405.5,3425.9,3655.5,4277.4,4299.5,4317,5630.4,5686.3,8972.6,9005,9221.9,9497.7,10883,12577,13955,19907,28359,47984,76277,97300,1.4124e+05,1.8675e+05,2.2476e+05,3.0612e+05,4.1513e+05,5.662e+05,7.1559e+05,9.4024e+05,1.3155e+06,2.0923e+06,3.4244e+06,5.2848e+06,7.5494e+06,1.0741e+07,1.4657e+07,1.8315e+07,2.3539e+07,2.9616e+07,3.5393e+07,4.2976e+07,4.946e+07,5.738e+07,6.5497e+07,7.4619e+07,8.4123e+07,9.5583e+07,1.0791e+08,1.1674e+08,1.2657e+08,1.371e+08,1.4775e+08,1.5959e+08,1.7126e+08,1.8236e+08,1.9251e+08,2.0094e+08,2.1061e+08,2.2116e+08,2.323e+08,2.4257e+08,2.5199e+08,2.6091e+08,2.6954e+08,2.7783e+08,2.8722e+08,2.981e+08
-59.151,0.26723,-59.509,254.13,484.5,732.56,750.66,759.04,774.57,1128.6,1361.7,1898.8,2578.1,2592.5,2601.6,2608.4,2605.5,2613.1,2611.5,2625.4,2823.3,2859.5,3064.6,3269.7,3283.3,3287.6,3309.5,3579.1,3601.3,3622.8,3865.5,4523.3,4546.6,4565.2,5953.3,6012.4,9486.6,9520.9,9749.7,10041,11502,13291,14745,21017,29928,50640,80470,1.0267e+05,1.4906e+05,1.9711e+05,2.3722e+05,3.2303e+05,4.3811e+05,5.9749e+05,7.5523e+05,9.9236e+05,1.3883e+06,2.2079e+06,3.6134e+06,5.5752e+06,7.964e+06,1.133e+07,1.5461e+07,1.932e+07,2.4831e+07,3.1247e+07,3.7345e+07,4.5348e+07,5.2194e+07,6.0555e+07,6.9123e+07,7.8754e+07,8.8788e+07,1.0089e+08,1.139e+08,1.2323e+08,1.3361e+08,1.4473e+08,1.5597e+08,1.6847e+08,1.8079e+08,1.9251e+08,2.0324e+08,2.1214e+08,2.2235e+08,2.3349e+08,2.4525e+08,2.561e+08,2.6605e+08,2.7547e+08,2.8459e+08,2.9335e+08,3.0327e+08,3.1477e+08
-61.741,-0.011466,-62.453,265.26,506.33,765.6,784.52,793.28,809.51,1179.8,1423.3,1985.1,2695.1,2710.1,2719.7,2726.8,2723.7,2731.7,2729.9,2744.5,2951.4,2989.1,3203.6,3418.2,3432.4,3436.9,3459.8,3741.8,3765,3787.5,4041.2,4728.9,4753.3,4772.7,6223.2,6285,9916.1,9952,10191,10494,12018,13887,15402,21940,31229,52839,83936,1.0711e+05,1.5554e+05,2.057e+05,2.4753e+05,3.3703e+05,4.5714e+05,6.234e+05,7.8806e+05,1.0355e+06,1.4487e+06,2.3037e+06,3.7697e+06,5.8153e+06,8.3066e+06,1.1817e+07,1.6125e+07,2.015e+07,2.5899e+07,3.2595e+07,3.896e+07,4.7311e+07,5.4457e+07,6.3184e+07,7.2126e+07,8.218e+07,9.2653e+07,1.0529e+08,1.1887e+08,1.286e+08,1.3944e+08,1.5105e+08,1.6279e+08,1.7584e+08,1.887e+08,2.0094e+08,2.1214e+08,2.2143e+08,2.3209e+08,2.4371e+08,2.56e+08,2.6733e+08,2.7772e+08,2.8756e+08,2.9708e+08,3.0624e+08,3.1659e+08,3.2861e+08
-64.716,-0.32589,-65.828,278.04,531.39,803.51,823.37,832.57,849.62,1238.5,1494.1,2084.2,2829.3,2845.1,2855.2,2862.6,2859.4,2867.7,2865.9,2881.2,3098.3,3138,3363.2,3588.5,3603.5,3608.2,3632.2,3928.5,3952.9,3976.5,4242.8,4964.9,4990.5,5010.8,6532.9,6597.8,10409,10447,10697,11015,12610,14572,16157,22998,32722,55364,87918,1.1221e+05,1.6297e+05,2.1557e+05,2.5938e+05,3.5311e+05,4.79e+05,6.5315e+05,8.2576e+05,1.0851e+06,1.5181e+06,2.4137e+06,3.9492e+06,6.091e+06,8.7001e+06,1.2376e+07,1.6887e+07,2.1104e+07,2.7125e+07,3.4144e+07,4.0815e+07,4.9565e+07,5.7056e+07,6.6203e+07,7.5574e+07,8.6114e+07,9.7092e+07,1.1034e+08,1.2457e+08,1.3478e+08,1.4614e+08,1.5831e+08,1.7061e+08,1.843e+08,1.9778e+08,2.1061e+08,2.2235e+08,2.3209e+08,2.4328e+08,2.5546e+08,2.6834e+08,2.8023e+08,2.9112e+08,3.0144e+08,3.1142e+08,3.2103e+08,3.3189e+08,3.4449e+08
-67.956,-0.17914,-68.933,291.96,557.65,843.21,864.04,873.7,891.58,1299.5,1567.8,2186.7,2968.7,2985.3,2995.8,3003.6,3000.2,3009,3007.1,3023.1,3251,3292.6,3528.9,3765.2,3780.9,3785.8,3811,4121.9,4147.4,4172.2,4451.6,5209.2,5236.1,5257.4,6854.8,6922.9,10922,10962,11224,11558,13235,15293,16959,24149,34366,58146,92352,1.1786e+05,1.7116e+05,2.2638e+05,2.7241e+05,3.7087e+05,5.0306e+05,6.86e+05,8.6724e+05,1.1396e+06,1.5943e+06,2.535e+06,4.148e+06,6.3982e+06,9.1391e+06,1.3001e+07,1.774e+07,2.217e+07,2.8494e+07,3.5864e+07,4.287e+07,5.206e+07,5.9925e+07,6.9531e+07,7.9371e+07,9.0438e+07,1.0197e+08,1.1587e+08,1.3082e+08,1.4154e+08,1.5346e+08,1.6625e+08,1.7916e+08,1.9353e+08,2.0769e+08,2.2116e+08,2.3349e+08,2.4371e+08,2.5546e+08,2.6825e+08,2.8177e+08,2.9425e+08,3.0569e+08,3.1651e+08,3.27e+08,3.3708e+08,3.4848e+08,3.6171e+08
-71.382,-0.52754,-72.805,306.68,586.49,886.84,908.76,918.92,937.73,1367,1649.2,2300.7,3123.2,3140.6,3151.7,3159.8,3156.3,3165.5,3163.5,3180.4,3420,3463.8,3712.5,3961.2,3977.7,3982.9,4009.4,4336.7,4363.5,4389.6,4683.6,5480.7,5508.9,5531.4,7211.2,7282.8,11489,11531,11807,12157,13916,16081,17828,25368,36086,61056,96941,1.2373e+05,1.7973e+05,2.3775e+05,2.8606e+05,3.8939e+05,5.2825e+05,7.2028e+05,9.1069e+05,1.1968e+06,1.6742e+06,2.6618e+06,4.355e+06,6.7161e+06,9.5927e+06,1.3646e+07,1.8619e+07,2.3269e+07,2.9908e+07,3.7649e+07,4.5008e+07,5.4658e+07,6.292e+07,7.301e+07,8.3345e+07,9.4972e+07,1.0708e+08,1.2169e+08,1.3739e+08,1.4865e+08,1.6118e+08,1.7461e+08,1.8818e+08,2.0328e+08,2.1815e+08,2.323e+08,2.4525e+08,2.56e+08,2.6834e+08,2.8177e+08,2.9599e+08,3.091e+08,3.2112e+08,3.325e+08,3.4352e+08,3.5412e+08,3.6611e+08,3.8001e+08
-74.542,-0.92643,-76.465,320.25,613.24,927.33,950.25,960.87,980.55,1429.8,1724.9,2406.6,3266.7,3284.9,3296.5,3305,3301.3,3310.9,3308.8,3326.5,3577.1,3622.8,3883.1,4143.3,4160.6,4166,4193.7,4536.3,4564.4,4591.7,4899.1,5733,5762.5,5786,7542.2,7617.1,12016,12060,12347,12713,14548,16810,18633,26493,37670,63735,1.0116e+05,1.2914e+05,1.8762e+05,2.4822e+05,2.9863e+05,4.0644e+05,5.5143e+05,7.5183e+05,9.5069e+05,1.2494e+06,1.7477e+06,2.7784e+06,4.5452e+06,7.008e+06,1.0009e+07,1.4237e+07,1.9426e+07,2.4279e+07,3.1206e+07,3.929e+07,4.6974e+07,5.7047e+07,6.5675e+07,7.6212e+07,8.7003e+07,9.9146e+07,1.1179e+08,1.2705e+08,1.4344e+08,1.552e+08,1.6829e+08,1.8232e+08,1.9649e+08,2.1226e+08,2.278e+08,2.4257e+08,2.561e+08,2.6733e+08,2.8023e+08,2.9425e+08,3.091e+08,3.228e+08,3.3535e+08,3.4725e+08,3.5876e+08,3.6984e+08,3.8237e+08,3.969e+08
-77.438,-1.2429,-79.763,332.7,637.67,964.28,988.13,999.18,1019.6,1487,1793.9,2503.2,3397.6,3416.6,3428.6,3437.4,3433.6,3443.6,3441.4,3459.7,3720.3,3767.9,4038.6,4309.4,4327.4,4333,4361.8,4718.3,4747.6,4776,5095.7,5963.1,5993.8,6018.2,7844.1,7922.1,12497,12542,12841,13221,15126,17477,19368,27524,39124,66193,1.0503e+05,1.341e+05,1.9486e+05,2.5782e+05,3.1017e+05,4.2209e+05,5.7271e+05,7.8079e+05,9.874e+05,1.2976e+06,1.8152e+06,2.8854e+06,4.72e+06,7.2764e+06,1.0392e+07,1.4782e+07,2.0169e+07,2.5208e+07,3.24e+07,4.0797e+07,4.878e+07,5.9242e+07,6.8205e+07,7.9152e+07,9.036e+07,1.0298e+08,1.1611e+08,1.3196e+08,1.49e+08,1.6121e+08,1.7482e+08,1.8939e+08,2.0412e+08,2.205e+08,2.3664e+08,2.5199e+08,2.6605e+08,2.7772e+08,2.9112e+08,3.0569e+08,3.2112e+08,3.3535e+08,3.484e+08,3.6076e+08,3.7274e+08,3.8425e+08,3.9727e+08,4.1238e+08
-80.181,-1.6334,-82.992,344.48,660.99,999.58,1024.3,1035.8,1057,1541.7,1859.8,2595.6,3522.8,3542.5,3554.9,3564,3560.1,3570.4,3568.2,3587.2,3857.3,3906.7,4187.5,4468.2,4486.9,4492.8,4522.6,4892.6,4922.9,4952.3,5283.8,6183.2,6215.1,6240.4,8132.9,8213.7,12956,13003,13312,13705,15676,18113,20068,28501,40497,68516,1.0868e+05,1.3879e+05,2.017e+05,2.669e+05,3.2107e+05,4.3686e+05,5.9281e+05,8.0813e+05,1.0221e+06,1.3433e+06,1.879e+06,2.9865e+06,4.8849e+06,7.5292e+06,1.0753e+07,1.5294e+07,2.0867e+07,2.6082e+07,3.3523e+07,4.2218e+07,5.0483e+07,6.1313e+07,7.0594e+07,8.1928e+07,9.3532e+07,1.066e+08,1.202e+08,1.3661e+08,1.5425e+08,1.669e+08,1.8099e+08,1.9608e+08,2.1133e+08,2.283e+08,2.4501e+08,2.6091e+08,2.7547e+08,2.8756e+08,3.0144e+08,3.1651e+08,3.325e+08,3.4725e+08,3.6076e+08,3.7357e+08,3.8597e+08,3.9791e+08,4.114e+08,4.2705e+08
-82.836,-2.1582,-86.289,355.89,683.87,1034.2,1059.8,1071.7,1093.6,1595.6,1924.7,2686.7,3646.1,3666.4,3679.3,3688.7,3684.6,3695.3,3693,3712.7,3992.2,4043.3,4334,4624.7,4644,4650.1,4681,5064.2,5095.6,5126.1,5469.1,6400.2,6433.1,6459.3,8417,8500.7,13408,13456,13776,14182,16215,18735,20752,29448,41821,70754,1.1219e+05,1.4329e+05,2.0829e+05,2.7567e+05,3.3159e+05,4.5109e+05,6.1219e+05,8.3447e+05,1.0555e+06,1.3873e+06,1.9405e+06,3.0839e+06,5.0436e+06,7.7718e+06,1.1099e+07,1.5785e+07,2.1537e+07,2.6921e+07,3.4601e+07,4.3584e+07,5.2122e+07,6.3306e+07,7.2894e+07,8.4604e+07,9.6589e+07,1.1009e+08,1.2414e+08,1.411e+08,1.5932e+08,1.7239e+08,1.8695e+08,2.0254e+08,2.183e+08,2.3584e+08,2.5311e+08,2.6954e+08,2.8459e+08,2.9708e+08,3.1142e+08,3.27e+08,3.4352e+08,3.5876e+08,3.7274e+08,3.8597e+08,3.988e+08,4.1114e+08,4.2509e+08,4.4127e+08
-85.389,-2.709,-89.513,366.86,705.98,1067.7,1094.1,1106.3,1129.1,1647.6,1987.5,2774.7,3765.3,3786.3,3799.6,3809.2,3805,3816,3813.6,3834,4122.6,4175.3,4475.6,4776,4795.9,4802.2,4834.1,5230.3,5262.7,5294.1,5648.3,6610,6644,6671.1,8691.7,8778.1,13844,13894,14223,14642,16736,19336,21411,30358,43093,72904,1.1555e+05,1.4762e+05,2.1462e+05,2.841e+05,3.4169e+05,4.6474e+05,6.308e+05,8.5975e+05,1.0877e+06,1.4296e+06,1.9996e+06,3.1774e+06,5.1958e+06,8.0045e+06,1.1431e+07,1.6256e+07,2.2179e+07,2.7724e+07,3.5635e+07,4.4894e+07,5.3694e+07,6.5219e+07,7.5103e+07,8.7174e+07,9.9526e+07,1.1344e+08,1.2793e+08,1.4542e+08,1.6419e+08,1.7767e+08,1.9269e+08,2.0876e+08,2.2501e+08,2.4309e+08,2.6089e+08,2.7783e+08,2.9335e+08,3.0624e+08,3.2103e+08,3.3708e+08,3.5412e+08,3.6984e+08,3.8425e+08,3.9791e+08,4.1114e+08,4.2388e+08,4.3827e+08,4.5496e+08
-88.277,-3.2393,-93.052,379.26,730.78,1105.2,1132.6,1145.3,1168.8,1705.9,2057.8,2873.3,3898.8,3920.6,3934.3,3944.2,3939.9,3951.3,3948.8,3969.9,4268.6,4323.3,4634.3,4945.4,4966.1,4972.6,5005.6,5416.1,5449.7,5482.2,5849,6844.9,6880.1,6908.1,8999.5,9089,14334,14386,14726,15158,17320,20011,22153,31387,44534,75341,1.1937e+05,1.5252e+05,2.218e+05,2.9364e+05,3.5314e+05,4.8023e+05,6.519e+05,8.8843e+05,1.1241e+06,1.4775e+06,2.0666e+06,3.2834e+06,5.3687e+06,8.269e+06,1.1808e+07,1.6791e+07,2.2909e+07,2.8639e+07,3.681e+07,4.6382e+07,5.548e+07,6.739e+07,7.7609e+07,9.0087e+07,1.0285e+08,1.1724e+08,1.3222e+08,1.503e+08,1.6971e+08,1.8365e+08,1.9918e+08,2.158e+08,2.326e+08,2.5129e+08,2.697e+08,2.8722e+08,3.0327e+08,3.1659e+08,3.3189e+08,3.4848e+08,3.6611e+08,3.8237e+08,3.9727e+08,4.114e+08,4.2509e+08,4.3827e+08,4.5316e+08,4.7043e+08
-91.626,-3.8697,-97.174,393.65,759.59,1148.8,1177.3,1190.5,1214.9,1773.7,2139.4,2987.9,4053.8,4076.5,4090.8,4101.1,4096.6,4108.4,4105.8,4127.8,4438.3,4495.1,4818.6,5142.2,5163.7,5170.5,5204.8,5632.1,5667,5700.8,6082.1,7117.8,7154.4,7183.5,9357,9450.1,14902,14956,15309,15757,17999,20794,23015,32581,46206,78167,1.238e+05,1.5821e+05,2.3012e+05,3.0471e+05,3.6642e+05,4.982e+05,6.7637e+05,9.2169e+05,1.1663e+06,1.5331e+06,2.1443e+06,3.4064e+06,5.569e+06,8.5756e+06,1.2245e+07,1.7412e+07,2.3756e+07,2.9698e+07,3.8172e+07,4.8107e+07,5.755e+07,6.9907e+07,8.0514e+07,9.3466e+07,1.0672e+08,1.2165e+08,1.372e+08,1.5597e+08,1.7612e+08,1.9058e+08,2.067e+08,2.2396e+08,2.414e+08,2.6081e+08,2.7992e+08,2.981e+08,3.1477e+08,3.2861e+08,3.4449e+08,3.6171e+08,3.8001e+08,3.969e+08,4.1238e+08,4.2705e+08,4.4127e+08,4.5496e+08,4.7043e+08,4.8837e+08
