1001,1021,1047,1051,1085,1101,,,,,
1021,1007,1037,1047,1051,1105,1117,,,,
1047,1085,1091,1105,1131,,,,,,
1051,1037,1087,1101,1123,,,,,,
1085,1013,1041,1101,1131,,,,,,
1101,1011,1041,1087,1109,,,,,,
1003,1025,1053,1097,1099,1129,12033,,,,
1025,1023,1091,1099,1129,1131,,,,,
1053,1035,1039,1099,12033,12091,12113,,,,
1097,1129,28039,28041,28059,,,,,,
1099,1013,1035,1131,,,,,,,
1129,1023,28041,28153,,,,,,,
12033,12113,,,,,,,,,
1005,1011,1045,1067,1109,1113,13061,13239,13259,,
1011,1087,1109,1113,,,,,,,
1045,1031,1061,1067,1069,1109,,,,,
1067,1069,13061,13099,,,,,,,
1109,1031,1041,,,,,,,,
1113,1081,1087,13053,13215,13259,,,,,
13061,13037,13099,13239,13243,,,,,,
13239,13243,13259,,,,,,,,
13259,13053,13197,13243,13307,,,,,,
1007,1065,1073,1105,1117,1125,,,,,
1065,1063,1091,1105,1125,,,,,,
1073,1009,1115,1117,1125,1127,,,,,
1105,1091,,,,,,,,,
1117,1037,1115,1121,,,,,,,
1125,1057,1063,1107,1127,,,,,,
1009,1043,1055,1095,1115,1127,,,,,
1043,1079,1095,1103,1127,1133,,,,,
1055,1015,1019,1049,1095,1115,,,,,
1095,1049,1071,1089,1103,,,,,,
1115,1015,1121,,,,,,,,
1127,1057,1093,1133,,,,,,,
1087,1081,1123,,,,,,,,
1013,1035,1039,1041,1131,,,,,,
1035,1039,,,,,,,,,
1039,1031,1041,1061,12091,12131,,,,,
1041,1031,,,,,,,,,
1131,1091,,,,,,,,,
1015,1019,1029,1121,,,,,,,
1019,1029,1049,13055,13115,13233,,,,,
1029,1027,1111,1121,13045,13143,13233,,,,
1121,1027,1037,,,,,,,,
1017,1081,1111,1123,13145,13285,,,,,
1081,1123,13145,13215,,,,,,,
1111,1027,1123,13045,13149,13285,,,,,
1123,1027,1037,,,,,,,,
13145,13199,13215,13263,13285,,,,,,
13285,13077,13149,13199,,,,,,,
1049,1071,13055,13083,13295,,,,,,
13055,13115,13295,,,,,,,,
13115,13015,13129,13233,13295,,,,,,
13233,13015,13143,13223,,,,,,,
1037,1027,,,,,,,,,
1023,1091,1119,28023,28075,28153,,,,,
1091,1063,1119,,,,,,,,
1119,1063,1107,28069,28075,28103,,,,,
28023,28061,28075,28101,28153,,,,,,
28075,28061,28069,28099,28101,,,,,,
28153,28041,28061,28067,28111,,,,,,
1027,,,,,,,,,,
13045,13077,13097,13121,13143,13149,13223,,,,
13143,13223,,,,,,,,,
1031,1061,,,,,,,,,
1061,1069,12059,12063,12131,,,,,,
1033,1059,1077,1079,28141,,,,,,
1059,1079,1093,1133,28057,28141,,,,,
1077,1079,1083,28141,47055,47071,47099,47181,,,
1079,1083,1103,1133,,,,,,,
28141,28003,28057,28117,47071,,,,,,
12091,12113,12131,,,,,,,,
12131,12005,12059,12133,,,,,,,
1103,1083,1089,,,,,,,,
1133,1093,,,,,,,,,
1069,12063,13099,13253,,,,,,,
1071,1089,13083,47051,47115,,,,,,
13083,13295,47065,47115,,,,,,,
13295,13047,13129,13313,47065,,,,,,
12113,,,,,,,,,,
1057,1075,1093,1107,,,,,,,
1075,1093,1107,28087,28095,,,,,,
1093,28057,28095,,,,,,,,
1107,1063,28087,28103,,,,,,,
28057,28081,28095,28117,,,,,,,
12059,12063,12133,,,,,,,,
12063,12005,12013,12039,12077,12133,13253,,,,
1063,,,,,,,,,,
13099,13007,13037,13201,13253,,,,,,
13253,12039,13087,13201,,,,,,,
1089,1083,47051,47103,,,,,,,
47051,47031,47061,47103,47115,47127,,,,,
47115,47061,47065,47153,,,,,,,
28087,28025,28095,28103,28105,,,,,,
28095,28017,28025,28081,,,,,,,
1083,47055,47103,,,,,,,,
47055,47099,47103,47117,47119,,,,,,
47071,28003,47023,47039,47077,47109,47181,,,,
47099,47101,47119,47181,,,,,,,
47181,47039,47101,47135,,,,,,,
13215,13053,13263,,,,,,,,
47103,47003,47117,47127,,,,,,,
28039,28041,28059,28111,28131,,,,,,
28041,28111,,,,,,,,,
28059,28047,28131,,,,,,,,
28103,28069,28105,28159,,,,,,,
13149,13077,,,,,,,,,
13053,13197,13263,,,,,,,,
28069,28099,28101,28159,,,,,,,
2013,2016,2164,,,,,,,,
2016,,,,,,,,,,
2164,2050,2060,2070,2122,2150,,,,,
2020,2122,2170,2261,,,,,,,
2122,2050,2150,2170,2261,,,,,,
2170,2050,2068,2240,2261,2290,,,,,
2261,2240,2282,,,,,,,,
2050,2070,2158,2290,,,,,,,
2070,2060,,,,,,,,,
2158,2180,2290,,,,,,,,
2290,2068,2090,2180,2185,2188,2240,,,,
2060,,,,,,,,,,
2068,2090,2240,,,,,,,,
2090,2240,,,,,,,,,
2240,,,,,,,,,,
2100,2105,2110,2230,,,,,,,
2105,2110,2195,2198,2220,2282,,,,,
2110,2195,,,,,,,,,
2230,,,,,,,,,,
2195,2198,2275,,,,,,,,
2198,2130,2220,2275,,,,,,,
2220,,,,,,,,,,
2282,,,,,,,,,,
2150,,,,,,,,,,
2130,2275,,,,,,,,,
2275,,,,,,,,,,
2180,2188,,,,,,,,,
2188,2185,,,,,,,,,
2185,,,,,,,,,,
4001,4009,4011,4017,8083,35003,35006,35031,35045,49037,
4009,4003,4007,4011,4017,4019,4021,,,,
4011,4003,35003,35017,35023,,,,,,
4017,4005,4007,49037,,,,,,,
8083,8033,8067,8111,35045,49037,,,,,
35003,35006,35017,35051,35053,,,,,,
35006,35001,35031,35043,35053,35061,,,,,
35031,35043,35045,,,,,,,,
35045,8007,8067,35039,35043,49037,,,,,
49037,4005,8033,8077,8085,8113,49015,49017,49019,49025,49055
4003,4019,4023,35023,,,,,,,
4019,4013,4021,4023,4027,,,,,,
4023,,,,,,,,,,
35023,35017,35029,,,,,,,,
4005,4007,4015,4025,49025,,,,,,
4007,4013,4021,4025,,,,,,,
4015,4012,4025,6071,32003,32017,49025,49053,,,
4025,4012,4013,,,,,,,,
49025,49017,49021,49053,,,,,,,
4013,4012,4021,4027,,,,,,,
4021,,,,,,,,,,
35017,35029,35051,,,,,,,,
4012,4027,6025,6065,6071,,,,,,
4027,6025,,,,,,,,,
6025,6065,6073,,,,,,,,
6065,6059,6071,6073,,,,,,,
6071,6027,6029,6037,6059,32003,,,,,
32003,6027,32017,32023,,,,,,,
32017,32023,32033,49001,49021,49027,49053,,,,
49053,49021,,,,,,,,,
5001,5041,5069,5079,5085,5095,5107,5117,,,
5041,5017,5043,5079,5107,28011,,,,,
5069,5025,5053,5079,5085,5119,,,,,
5079,5025,5043,,,,,,,,
5085,5045,5117,5119,5145,,,,,,
5095,5077,5107,5117,5123,5147,,,,,
5107,5077,28011,28027,28143,,,,,,
5117,5145,5147,,,,,,,,
5003,5011,5017,5043,5139,22067,22111,,,,
5011,5013,5025,5043,5139,,,,,,
5017,5043,22035,22067,22123,28011,28055,28151,,,
5043,5025,,,,,,,,,
5139,5013,5027,5103,22027,22067,22111,,,,
22067,22073,22083,22111,22123,,,,,,
22111,22027,22061,22073,,,,,,,
5005,5049,5065,5089,5129,5137,29153,,,,
5049,5065,5135,29091,29149,29153,,,,,
5065,5063,5135,5137,,,,,,,
5089,5009,5129,29153,29213,,,,,,
5129,5009,5101,5115,5137,5141,,,,,
5137,5023,5063,5141,,,,,,,
29153,29067,29091,29213,,,,,,,
5007,5015,5087,5143,29009,29119,40001,40041,,,
5015,5009,5087,5101,29009,29209,29213,,,,
5087,5033,5047,5071,5101,5143,,,,,
5143,5033,40001,,,,,,,,
29009,29109,29119,29145,29209,,,,,,
29119,29145,40041,40115,,,,,,,
40001,5033,40021,40041,40135,,,,,,
40041,40021,40035,40097,40115,,,,,,
5009,5101,29213,,,,,,,,
5101,5071,5115,,,,,,,,
29213,29043,29067,29209,,,,,,,
5013,5025,5039,5103,,,,,,,
5025,5039,5053,,,,,,,,
5039,5019,5053,5059,5103,,,,,,
5103,5019,5027,5099,,,,,,,
29209,29043,29109,,,,,,,,
22035,22065,22083,22123,28055,28149,,,,,
22123,22083,,,,,,,,,
28011,28027,28133,28151,,,,,,,
28055,28125,28149,28151,28163,,,,,,
28151,28053,28125,28133,,,,,,,
5019,5059,5097,5099,5109,,,,,,
5059,5051,5053,5097,5125,,,,,,
5097,5051,5061,5109,5113,5127,5149,,,,
5099,5027,5057,5073,5109,,,,,,
5109,5057,5061,5113,,,,,,,
5021,5055,5121,29023,29069,29181,,,,,
5055,5031,5075,5121,29069,,,,,,
5121,5075,5135,29149,29181,,,,,,
29023,29035,29069,29181,29207,29223,,,,,
29069,5031,5093,29143,29155,29207,,,,,
29181,29035,29149,,,,,,,,
5023,5045,5063,5141,5145,,,,,,
5045,5029,5105,5119,5141,5145,,,,,
5063,5067,5075,5135,5145,,,,,,
5141,5029,5115,,,,,,,,
5145,5067,5147,,,,,,,,
5053,5119,5125,,,,,,,,
5027,5073,22027,22119,,,,,,,
5073,5057,5091,22015,22119,,,,,,
22027,22013,22061,22119,,,,,,,
22119,22013,22015,,,,,,,,
5029,5105,5115,5149,,,,,,,
5105,5051,5119,5125,5149,,,,,,
5115,5071,5083,5149,,,,,,,
5149,5051,5083,5127,,,,,,,
5031,5067,5075,5093,5111,,,,,,
5067,5037,5075,5111,5147,,,,,,
5075,5135,,,,,,,,,
5093,5035,5111,29155,47045,47097,47157,47167,,,
5111,5035,5037,,,,,,,,
5033,5047,5131,40135,,,,,,,
5047,5071,5083,5131,,,,,,,
5131,5083,5127,40079,40135,,,,,,
40135,40021,40061,40079,40101,,,,,,
5035,5037,5077,5123,28033,28143,47157,47167,,,
5037,5123,5147,,,,,,,,
5077,5123,28143,,,,,,,,
5123,5147,,,,,,,,,
28033,28093,28137,28143,47157,,,,,,
28143,28027,28107,28119,28137,,,,,,
47157,28093,47047,47167,,,,,,,
47167,47047,47075,47097,,,,,,,
5147,,,,,,,,,,
5119,5125,,,,,,,,,
5071,5083,,,,,,,,,
5083,5127,,,,,,,,,
5135,29149,,,,,,,,,
29091,29067,29149,29203,29215,,,,,,
29149,29035,29203,,,,,,,,
5051,5125,,,,,,,,,
5125,,,,,,,,,,
5057,5061,5081,5091,,,,,,,
5061,5081,5113,5133,,,,,,,
5081,5091,5133,40089,48037,,,,,,
5091,22015,22017,48037,48067,,,,,,
5113,5127,5133,40079,40089,,,,,,
5133,40089,,,,,,,,,
22015,22013,22017,22081,,,,,,,
40089,40023,40079,40127,48037,48387,,,,,
48037,48067,48343,48387,,,,,,,
5127,40079,,,,,,,,,
22017,22031,22081,48067,48203,48315,48365,,,,
48067,48315,48343,,,,,,,,
29155,29143,47045,47095,,,,,,,
47045,47033,47053,47095,47097,47131,,,,,
47097,47033,47075,,,,,,,,
28027,28119,28133,28135,,,,,,,
40079,40061,40077,40127,,,,,,,
6001,6013,6075,6077,6081,6085,6099,,,,
6013,6041,6067,6075,6077,6095,6097,,,,
6075,6041,6081,,,,,,,,
6077,6005,6009,6067,6099,,,,,,
6081,6085,6087,,,,,,,,
6085,6047,6069,6087,6099,,,,,,
6099,6009,6043,6047,6109,,,,,,
6003,6005,6009,6017,6051,6109,32005,,,,
6005,6009,6017,6067,,,,,,,
6009,6109,,,,,,,,,
6017,6061,6067,32005,,,,,,,
6051,6019,6027,6039,6109,32005,32009,32019,32021,,
6109,6039,6043,,,,,,,,
32005,6061,32019,32510,,,,,,,
6067,6061,6095,6101,6113,,,,,,
6007,6011,6021,6063,6101,6103,6115,,,,
6011,6021,6033,6101,6113,,,,,,
6021,6033,6045,6103,,,,,,,
6063,6035,6089,6091,6103,6115,,,,,
6101,6061,6113,6115,,,,,,,
6103,6045,6089,6105,,,,,,,
6115,6057,6061,6091,,,,,,,
6033,6045,6055,6097,6113,,,,,,
6113,6055,6095,,,,,,,,
6041,6095,6097,,,,,,,,
6095,6055,6097,,,,,,,,
6097,6045,6055,,,,,,,,
6015,6023,6093,41015,41033,,,,,,
6023,6045,6093,6105,,,,,,,
6093,6049,6089,6105,41029,41033,41035,,,,
41015,41011,41019,41033,,,,,,,
41033,41019,41029,,,,,,,,
6061,6057,32031,32510,,,,,,,
6019,6027,6031,6039,6047,6053,6069,6107,,,
6027,6029,6107,32009,32023,,,,,,
6031,6029,6053,6079,6107,,,,,,
6039,6043,6047,,,,,,,,
6047,6043,6069,,,,,,,,
6053,6069,6079,6087,,,,,,,
6069,6087,,,,,,,,,
6107,6029,,,,,,,,,
6045,6105,,,,,,,,,
6105,6089,,,,,,,,,
6073,6059,,,,,,,,,
6029,6037,6079,6083,6111,,,,,,
32009,32021,32023,,,,,,,,
32023,32001,32011,32015,32021,32033,,,,,
6037,6059,6111,,,,,,,,
6079,6083,,,,,,,,,
6083,6111,,,,,,,,,
6111,,,,,,,,,,
6055,,,,,,,,,,
6035,6049,6089,6091,32031,,,,,,
6049,6089,32031,41035,41037,,,,,,
6089,,,,,,,,,,
6091,6057,32031,,,,,,,,
32031,6057,32001,32013,32019,32027,32029,32510,41025,41037,
6059,,,,,,,,,,
6043,,,,,,,,,,
41035,41017,41019,41029,41037,41039,,,,,
41037,41017,41025,,,,,,,,
32019,32001,32021,32029,32510,,,,,,
32021,32001,,,,,,,,,
6087,,,,,,,,,,
6057,,,,,,,,,,
32510,32029,,,,,,,,,
41029,41019,,,,,,,,,
8001,8005,8014,8031,8059,8087,8121,8123,,,
8005,8031,8035,8039,8059,8073,8121,,,,
8014,8013,8059,8123,,,,,,,
8031,8059,,,,,,,,,
8059,8013,8019,8035,8047,8093,8119,,,,
8087,8075,8121,8123,,,,,,,
8121,8063,8073,8075,8125,,,,,,
8123,8013,8069,8075,31105,56021,,,,,
8003,8021,8023,8055,8105,8109,,,,,
8021,8007,8023,8105,35039,35055,,,,,
8023,8055,8071,35007,35055,,,,,,
8055,8027,8071,8101,8109,,,,,,
8105,8007,8079,8109,,,,,,,
8109,8015,8027,8043,8051,8053,8079,,,,
8035,8039,8041,8119,,,,,,,
8039,8041,8073,,,,,,,,
8073,8017,8025,8041,8061,8063,8101,,,,
8007,8053,8067,8079,35039,,,,,,
8053,8051,8067,8079,8091,8111,,,,,
8067,8033,8111,,,,,,,,
8079,,,,,,,,,,
35039,35028,35033,35043,35049,35055,,,,,
8009,8011,8071,8099,20129,20187,35059,40025,,,
8011,8061,8071,8089,8099,,,,,,
8071,8089,8101,35007,35059,,,,,,
8099,8061,20071,20075,20187,,,,,,
20129,20187,20189,40025,40139,,,,,,
20187,20067,20075,20093,20189,,,,,,
35059,35007,35021,35037,40025,48111,48205,,,,
40025,40139,48111,48421,,,,,,,
8061,8017,8025,8089,20071,,,,,,
8089,8025,8101,,,,,,,,
8013,8047,8049,8069,,,,,,,
8047,8019,8049,,,,,,,,
8049,8019,8037,8057,8069,8107,8117,,,,
8069,8057,56001,56021,,,,,,,
8015,8043,8051,8065,8093,8097,,,,,
8043,8027,8041,8093,8101,8119,,,,,
8051,8029,8077,8085,8091,8097,,,,,
8065,8037,8093,8097,8117,,,,,,
8093,8019,8117,8119,,,,,,,
8097,8037,8045,8077,,,,,,,
8017,8063,20071,20199,,,,,,,
8063,8125,20023,20181,20199,,,,,,
20071,20075,20199,20203,,,,,,,
20199,20109,20181,20203,,,,,,,
8019,8117,,,,,,,,,
8117,8037,,,,,,,,,
35055,35007,35033,,,,,,,,
35007,35021,35033,,,,,,,,
8025,8041,8101,,,,,,,,
8041,8101,8119,,,,,,,,
8101,8027,,,,,,,,,
8027,,,,,,,,,,
8029,8077,8085,,,,,,,,
8077,8045,8085,49019,,,,,,,
8085,8091,8113,49019,,,,,,,
8033,8111,8113,,,,,,,,
8111,8091,8113,,,,,,,,
8113,8091,,,,,,,,,
8119,,,,,,,,,,
8037,8045,8107,,,,,,,,
8045,8103,8107,49019,49047,,,,,,
8107,8057,8081,8103,56007,,,,,,
8103,8081,49047,,,,,,,,
49019,49007,49015,49047,49055,,,,,,
49047,8081,49007,49009,49013,,,,,,
8057,56001,56007,,,,,,,,
8091,,,,,,,,,,
56001,56007,56009,56021,56031,,,,,,
56007,8081,56009,56013,56025,56037,,,,,
8125,8075,8095,20023,31029,31057,,,,,
20023,20153,20181,31057,,,,,,,
20181,20109,20153,20193,,,,,,,
56021,31007,31105,56015,56031,,,,,,
8075,8095,8115,31033,31105,,,,,,
8095,8115,31029,31135,,,,,,,
8115,31033,31049,31135,,,,,,,
31033,31007,31049,31069,31105,31123,,,,,
31105,31007,,,,,,,,,
8081,49009,56037,,,,,,,,
49009,49013,49043,56037,,,,,,,
56037,49043,56013,56023,56035,56041,,,,,
31029,31057,31085,31135,,,,,,,
31135,31049,31085,31101,31111,,,,,,
20075,20067,20093,20203,,,,,,,
31049,31069,31101,,,,,,,,
31057,20153,31085,31087,,,,,,,
9001,9005,9009,36027,36059,36079,36103,36119,,,
9005,9003,9009,25003,25013,36027,,,,,
9009,9003,9007,36103,,,,,,,
36027,25003,36021,36071,36079,36111,,,,,
36059,36005,36081,36103,36119,,,,,,
36079,36071,36087,36119,,,,,,,
36103,9007,9011,44009,,,,,,,
36119,34003,36005,36087,,,,,,,
9003,9007,9011,9013,25013,,,,,,
9007,9011,,,,,,,,,
9011,9013,9015,44003,44009,,,,,,
9013,9015,25013,25027,,,,,,,
25013,25003,25015,25027,,,,,,,
25003,25011,25015,36021,36083,50003,,,,,
9015,25027,44003,44007,,,,,,,
44003,44001,44005,44007,44009,,,,,,
44009,44005,,,,,,,,,
25027,25011,25015,25017,25021,33005,33011,44007,,,
44007,25005,25021,44001,,,,,,,
10001,10003,10005,24011,24029,24035,34009,34011,34033,,
10003,24015,24029,34015,34033,42029,42045,,,,
10005,24011,24019,24045,24047,34009,,,,,
24011,24019,24035,24041,,,,,,,
24029,24003,24005,24015,24025,24035,,,,,
24035,24003,24041,,,,,,,,
34009,34001,34011,,,,,,,,
34011,34001,34015,34033,,,,,,,
34033,34015,,,,,,,,,
24015,24025,42029,42071,,,,,,,
34015,34001,34007,42045,42101,,,,,,
42029,42011,42045,42071,42091,,,,,,
42045,42091,42101,,,,,,,,
24019,24009,24037,24039,24041,24045,,,,,
24045,24039,24047,,,,,,,,
24047,24039,51001,,,,,,,,
11001,24031,24033,51013,51510,,,,,,
24031,24021,24027,24033,51013,51059,51107,,,,
24033,24003,24009,24017,24027,51059,51510,,,,
51013,51059,51510,51610,,,,,,,
51510,51059,,,,,,,,,
12001,12007,12023,12041,12075,12083,12107,12125,,,
12007,12003,12019,12107,12125,,,,,,
12023,12003,12041,12047,12121,12125,13065,13101,,,
12041,12029,12067,12075,12121,,,,,,
12075,12017,12029,12083,,,,,,,
12083,12017,12069,12107,12119,12127,,,,,
12107,12019,12035,12109,12127,,,,,,
12125,12003,,,,,,,,,
12003,12019,12031,12089,13049,13065,13299,,,,
12019,12031,12109,,,,,,,,
12031,12089,12109,,,,,,,,
12089,13039,13049,,,,,,,,
13049,13025,13039,13299,,,,,,,
13065,13003,13101,13173,13299,,,,,,
13299,13003,13005,13025,13069,13229,,,,,
12005,12013,12045,12133,,,,,,,
12013,12039,12045,12077,,,,,,,
12045,12037,12077,,,,,,,,
12133,,,,,,,,,,
12009,12061,12095,12097,12117,12127,,,,,
12061,12093,12097,12111,,,,,,,
12095,12069,12097,12105,12117,12127,,,,,
12097,12055,12069,12093,12105,,,,,,
12117,12069,12127,,,,,,,,
12127,12035,12069,,,,,,,,
12011,12021,12051,12086,12099,,,,,,
12021,12051,12071,12086,12087,,,,,,
12051,12015,12043,12071,12085,12093,12099,,,,
12086,12087,,,,,,,,,
12099,12043,12085,12093,,,,,,,
12039,12073,12077,13087,13131,,,,,,
12077,12037,12073,12129,,,,,,,
12015,12027,12043,12055,12071,12115,,,,,
12027,12049,12055,12081,12115,,,,,,
12043,12055,12071,12085,12093,,,,,,
12055,12049,12093,12105,,,,,,,
12071,,,,,,,,,,
12115,12081,,,,,,,,,
12017,12053,12119,,,,,,,,
12053,12101,12119,,,,,,,,
12119,12069,12101,12105,,,,,,,
12109,12035,,,,,,,,,
12087,,,,,,,,,,
12047,12079,12121,13027,13101,13185,,,,,
12121,12067,12079,,,,,,,,
13101,13173,13185,,,,,,,,
12049,12057,12081,12105,,,,,,,
12081,12057,12105,,,,,,,,
12029,12067,12123,,,,,,,,
12067,12079,12123,,,,,,,,
12123,12065,12079,,,,,,,,
12035,,,,,,,,,,
12037,12129,,,,,,,,,
12129,12065,12073,,,,,,,,
12073,12065,13131,13275,,,,,,,
13087,13007,13131,13201,13205,,,,,,
13131,13205,13275,,,,,,,,
12085,12093,12111,,,,,,,,
12093,12105,12111,,,,,,,,
12079,12065,13027,13185,,,,,,,
13027,12065,13071,13075,13185,13275,,,,,
13185,13019,13075,13173,,,,,,,
12057,12101,12103,12105,,,,,,,
12105,12069,12101,,,,,,,,
12101,12103,,,,,,,,,
12103,,,,,,,,,,
12111,,,,,,,,,,
12065,13275,,,,,,,,,
13275,13071,13205,,,,,,,,
12069,,,,,,,,,,
13039,13025,13127,,,,,,,,
13001,13005,13161,13229,13267,13279,13305,,,,
13005,13069,13161,13229,,,,,,,
13161,13069,13209,13271,13279,13309,,,,,
13229,13025,13305,,,,,,,,
13267,13043,13107,13109,13179,13183,13279,13305,,,
13279,13043,13107,13209,13283,,,,,,
13305,13025,13127,13183,13191,,,,,,
13003,13019,13069,13173,,,,,,,
13019,13069,13075,13155,13173,13277,,,,,
13069,13017,13155,13271,,,,,,,
13173,,,,,,,,,,
13007,13037,13095,13201,13205,,,,,,
13037,13095,13243,13273,,,,,,,
13095,13177,13205,13273,13321,,,,,,
13201,,,,,,,,,,
13205,13071,13321,,,,,,,,
13009,13141,13169,13237,13303,13319,,,,,
13141,13125,13133,13237,13265,13301,13303,,,,
13169,13021,13159,13207,13237,13289,13319,,,,
13237,13133,13159,13211,,,,,,,
13303,13125,13163,13167,13319,,,,,,
13319,13023,13167,13175,13289,,,,,,
13011,13119,13137,13139,13157,13195,13257,,,,
13119,13147,13195,13257,45073,,,,,,
13137,13139,13241,13257,13281,13311,45073,,,,
13139,13013,13085,13117,13135,13157,13187,13311,,,
13157,13013,13059,13135,13195,13219,,,,,
13195,13059,13105,13147,13221,,,,,,
13257,45073,,,,,,,,,
13013,13059,13135,13219,13297,,,,,,
13059,13219,13221,,,,,,,,
13135,13089,13117,13121,13247,13297,,,,,
13219,13133,13211,13221,13297,,,,,,
13297,13211,13217,13247,,,,,,,
13015,13057,13067,13129,13223,13227,,,,,
13057,13067,13085,13117,13121,13129,13227,,,,
13067,13097,13121,13223,,,,,,,
13129,13123,13213,13227,13313,,,,,,
13223,13097,,,,,,,,,
13227,13085,13123,,,,,,,,
13017,13155,13271,13287,13315,,,,,,
13155,13277,13287,,,,,,,,
13271,13091,13309,13315,,,,,,,
13287,13081,13277,13315,13321,,,,,,
13315,13081,13091,13093,13235,,,,,,
13075,13071,13277,,,,,,,,
13277,13071,13321,,,,,,,,
13021,13079,13153,13207,13289,,,,,,
13079,13153,13193,13207,13225,13269,13293,,,,
13153,13023,13093,13193,13225,13235,13289,,,,
13207,13035,13159,13171,13293,,,,,,
13289,13023,13175,,,,,,,,
13023,13091,13175,13235,,,,,,,
13091,13175,13235,13309,,,,,,,
13175,13107,13167,13283,13309,,,,,,
13235,13093,,,,,,,,,
13025,13127,,,,,,,,,
13127,13191,,,,,,,,,
13071,13321,,,,,,,,,
13029,13031,13051,13103,13109,13179,,,,,
13031,13043,13103,13107,13109,13165,13251,,,,
13051,13103,13179,45053,,,,,,,
13103,13251,45049,45053,,,,,,,
13109,13043,13179,,,,,,,,
13179,13183,13191,,,,,,,,
13043,13107,,,,,,,,,
13107,13033,13163,13165,13167,13283,,,,,
13165,13033,13251,,,,,,,,
13251,13033,45005,45049,,,,,,,
13033,13163,13245,45003,45005,45011,,,,,
13163,13125,13167,13189,13245,13301,,,,,
13245,13073,13189,45003,45037,,,,,,
45003,45011,45037,45063,45075,45081,,,,,
45005,45009,45011,45029,45049,,,,,,
45011,45009,45075,,,,,,,,
13035,13151,13159,13171,13217,13255,,,,,
13151,13063,13089,13217,13247,13255,,,,,
13159,13211,13217,,,,,,,,
13171,13231,13255,13293,,,,,,,
13217,13211,13247,,,,,,,,
13255,13063,13077,13113,13199,13231,,,,,
13243,13273,13307,,,,,,,,
13273,13177,13261,13307,,,,,,,
13077,13113,13121,13199,,,,,,,
13097,13121,,,,,,,,,
13121,13063,13089,13113,13117,,,,,,
13047,13313,47065,,,,,,,,
13313,13213,47011,47065,,,,,,,
47065,47007,47011,47121,47143,47153,,,,,
45053,45013,45049,,,,,,,,
13197,13249,13261,13263,13269,13307,,,,,
13263,13199,13269,13293,,,,,,,
13085,13111,13117,13123,13187,,,,,,
13117,,,,,,,,,,
13221,13105,13133,13265,13317,,,,,,
13063,13089,13113,,,,,,,,
13089,13247,,,,,,,,,
13113,,,,,,,,,,
13321,13081,13177,,,,,,,,
13073,13181,13189,45037,45065,,,,,,
13181,13105,13189,13317,45065,,,,,,
13189,13301,13317,,,,,,,,
45037,45047,45065,45081,,,,,,,
45065,13105,45001,45047,,,,,,,
13199,13231,13293,,,,,,,,
13193,13093,13225,13249,13261,13269,,,,,
13225,13269,,,,,,,,,
13269,13249,13293,,,,,,,,
13293,13231,,,,,,,,,
13081,13093,13177,13261,,,,,,,
13093,13261,,,,,,,,,
13177,13261,,,,,,,,,
13261,13249,13307,,,,,,,,
13111,13123,13187,13213,13291,37039,47139,,,,
13123,13213,,,,,,,,,
13187,13291,13311,,,,,,,,
13247,,,,,,,,,,
13309,13209,13283,,,,,,,,
45049,45009,45013,45029,,,,,,,
13105,13147,13317,45001,45007,,,,,,
13147,45007,45073,,,,,,,,
13317,13265,13301,,,,,,,,
45001,45007,45045,45047,45059,,,,,,
45007,45045,45059,45073,45077,,,,,,
13167,13283,,,,,,,,,
13283,13209,,,,,,,,,
13213,47011,47139,,,,,,,,
13291,13281,13311,37039,37043,,,,,,
37039,37043,37075,37113,47123,47139,,,,,
47139,47011,47107,47123,,,,,,,
45073,13241,37099,37113,37175,45077,,,,,
13125,13301,,,,,,,,,
13301,13265,,,,,,,,,
13191,13183,,,,,,,,,
13133,13211,13265,,,,,,,,
13211,,,,,,,,,,
13265,,,,,,,,,,
13241,13281,37043,37113,,,,,,,
13281,13311,37043,,,,,,,,
13311,,,,,,,,,,
13209,,,,,,,,,,
13231,,,,,,,,,,
13183,,,,,,,,,,
13249,,,,,,,,,,
13307,,,,,,,,,,
47011,47107,47121,,,,,,,,
37043,37113,,,,,,,,,
37113,37075,37099,37173,,,,,,,
15005,15009,,,,,,,,,
15009,,,,,,,,,,
16001,16015,16027,16039,16045,16073,,,,,
16015,16037,16039,16045,16085,,,,,,
16027,16045,16073,16075,41045,,,,,,
16039,16013,16025,16037,16047,16073,16083,,,,
16045,16003,16075,16085,16087,,,,,,
16073,16083,32007,32013,41045,,,,,,
16003,16049,16085,16087,41001,41063,,,,,
16049,16035,16059,16061,16069,16085,30063,30081,41063,,
16085,16037,16059,,,,,,,,
16087,16075,41001,41045,,,,,,,
41001,41023,41045,41061,41063,,,,,,
41063,16069,41059,41061,53003,53013,53023,,,,
16005,16011,16029,16041,16071,16077,,,,,
16011,16013,16019,16023,16029,16051,16077,,,,
16029,16007,16019,16041,56023,,,,,,
16041,16007,16071,49005,49033,,,,,,
16071,16031,16077,49003,49005,,,,,,
16077,16013,16031,,,,,,,,
16007,49005,49033,56023,,,,,,,
49005,49003,49033,49057,,,,,,,
49033,49029,49043,49057,56023,56041,,,,,
56023,16019,56035,56039,56041,,,,,,
16009,16055,16057,16079,53063,53075,,,,,
16055,16017,16079,53063,,,,,,,
16057,16035,16069,16079,53075,,,,,,
16079,16017,16035,30061,30089,,,,,,
53063,16017,53043,53051,53065,53075,,,,,
53075,16069,53001,53003,53013,53021,53023,53043,,,
16013,16023,16025,16031,16037,16063,16067,,,,
16019,16051,16065,16081,56039,,,,,,
16023,16033,16037,16051,16059,,,,,,
16051,16033,16043,16065,,,,,,,
16025,16047,16063,,,,,,,,
16031,16053,16067,16083,32007,49003,,,,,
16037,16059,,,,,,,,,
16063,16047,16053,16067,,,,,,,
16067,16053,,,,,,,,,
16017,16021,30053,30089,53051,,,,,,
16021,30053,53051,,,,,,,,
30053,30029,30089,,,,,,,,
30089,30029,30047,30061,30063,,,,,,
53051,53065,,,,,,,,,
16065,16043,16081,,,,,,,,
16081,16043,56039,,,,,,,,
56039,16043,30031,56013,56029,56035,,,,,
16033,16043,16059,30001,,,,,,,
16059,30001,30081,,,,,,,,
16047,16053,16083,,,,,,,,
16075,41045,,,,,,,,,
41045,32013,41023,41025,,,,,,,
16053,16083,,,,,,,,,
16083,32007,,,,,,,,,
32007,32011,32013,32015,32033,49003,49045,,,,
49003,49011,49045,49057,,,,,,,
16043,30001,30031,30057,,,,,,,
30001,30023,30057,30081,30093,,,,,,
16035,16061,16069,30061,30063,,,,,,
16061,16069,,,,,,,,,
16069,53003,,,,,,,,,
30061,30063,,,,,,,,,
30063,30029,30039,30047,30077,30081,,,,,
30031,30007,30043,30057,30059,30067,56029,,,,
30057,30043,30093,,,,,,,,
30081,30023,30039,,,,,,,,
53003,53023,,,,,,,,,
32013,32015,32027,41025,,,,,,,
17001,17009,17067,17149,17169,29111,29127,,,,
17009,17017,17137,17149,17169,,,,,,
17067,17071,17109,17169,19111,29045,29111,,,,
17149,17013,17061,17137,17171,29127,29163,29173,,,
17169,17017,17057,17109,17125,,,,,,
29111,29045,29103,29127,29205,,,,,,
29127,29137,29173,29205,,,,,,,
17003,17153,17181,21007,29031,29133,29201,,,,
17153,17087,17127,17181,21007,21145,,,,,
17181,17077,17087,17199,29031,29157,,,,,
21007,21039,21145,29133,,,,,,,
29031,29017,29157,29201,29207,,,,,,
29133,21039,21075,21105,29143,29201,,,,,
29201,29143,29207,,,,,,,,
17005,17027,17051,17119,17135,,,,,,
17027,17051,17119,17121,17163,17189,,,,,
17051,17025,17049,17121,17135,17173,,,,,
17119,17083,17117,17135,17163,29183,29189,29510,,,
17135,17021,17117,17167,17173,,,,,,
17007,17037,17111,17141,17201,55105,55127,,,,
17037,17089,17093,17099,17103,17111,17141,17201,,,
17111,17031,17089,17097,55059,55127,,,,,
17141,17015,17103,17177,17195,17201,,,,,
17201,17177,55045,55105,,,,,,,
55105,55025,55045,55055,55127,,,,,,
55127,55055,55059,55101,55133,,,,,,
17017,17125,17129,17137,17167,,,,,,
17137,17061,17117,17167,17171,,,,,,
17011,17073,17099,17103,17123,17155,17175,17195,,,
17073,17095,17131,17161,17175,17195,,,,,
17099,17063,17093,17103,17105,17123,17155,17203,,,
17103,17195,,,,,,,,,
17123,17143,17155,17175,17203,,,,,,
17155,,,,,,,,,,
17175,17095,17143,,,,,,,,
17195,17015,17161,19045,,,,,,,
17013,17061,17083,29113,29163,29183,,,,,
17061,17083,17117,17171,,,,,,,
17083,17117,29183,,,,,,,,
29113,29139,29163,29183,29219,,,,,,
29163,29007,29139,29173,,,,,,,
29183,29071,29189,29219,,,,,,,
17015,17085,17177,19045,19097,,,,,,
17085,17177,19061,19097,55043,55065,,,,,
17177,55045,55065,,,,,,,,
19045,17161,19031,19097,19105,19163,,,,,
19097,19061,19105,,,,,,,,
17125,17057,17107,17129,17179,,,,,,
17129,17107,17167,,,,,,,,
17167,17021,17107,17115,17117,,,,,,
17019,17041,17045,17053,17113,17147,17183,,,,
17041,17029,17045,17139,17147,17183,,,,,
17045,17023,17029,17183,18165,18167,,,,,
17053,17075,17091,17105,17113,17183,,,,,
17113,17039,17105,17107,17147,17179,17203,,,,
17147,17039,17115,17139,,,,,,,
17183,17075,18007,18165,18171,,,,,,
17021,17115,17173,,,,,,,,
17115,17039,17107,17139,17173,,,,,,
17173,17029,17035,17049,17139,,,,,,
17023,17029,17033,17035,17079,18153,18167,,,,
17029,17035,17139,,,,,,,,
17033,17079,17101,17159,18083,18153,,,,,
17035,17049,17079,,,,,,,,
17079,17025,17049,17159,,,,,,,
18153,18021,18055,18083,18167,,,,,,
18167,18021,18121,18165,,,,,,,
17025,17049,17121,17159,17191,,,,,,
17049,,,,,,,,,,
17121,17081,17189,17191,,,,,,,
17159,17047,17101,17185,17191,,,,,,
17191,17047,17065,17081,17193,,,,,,
17163,17133,17157,17189,29189,29510,,,,,
17189,17081,17145,17157,,,,,,,
17139,,,,,,,,,,
17031,17043,17089,17097,17197,18089,18127,26021,,,
17043,17089,17093,17197,,,,,,,
17089,17093,,,,,,,,,
17097,26005,26021,26159,55059,,,,,,
17197,17063,17091,17093,18089,,,,,,
18089,17091,18073,18111,18127,,,,,,
18127,18073,18091,18149,26021,,,,,,
26021,18091,18141,26027,26159,,,,,,
17101,17185,18083,,,,,,,,
18083,17185,18027,18051,18055,18125,,,,,
17093,17063,,,,,,,,,
17039,17107,,,,,,,,,
17107,17179,,,,,,,,,
18165,18045,18121,18171,,,,,,,
17047,17185,17193,,,,,,,,
17185,17193,18051,,,,,,,,
17193,17059,17065,18051,18129,,,,,,
17075,17091,18007,18111,,,,,,,
17091,17063,17105,18111,,,,,,,
17105,17063,17203,,,,,,,,
17055,17065,17077,17081,17145,17165,17199,,,,
17065,17059,17081,17165,,,,,,,
17077,17145,17157,17199,29157,,,,,,
17081,17145,,,,,,,,,
17145,17157,,,,,,,,,
17165,17059,17069,17087,17151,17199,,,,,
17199,17087,,,,,,,,,
17057,17095,17109,17143,17179,17187,,,,,
17095,17131,17143,17187,,,,,,,
17109,17071,17187,,,,,,,,
17143,17179,17203,,,,,,,,
17179,17203,,,,,,,,,
17187,17071,17131,,,,,,,,
17059,17069,18129,21225,,,,,,,
17069,17151,21055,21139,21225,,,,,,
18129,18051,18163,21101,21225,,,,,,
21225,21055,21101,21233,,,,,,,
17117,,,,,,,,,,
17171,,,,,,,,,,
17063,,,,,,,,,,
17071,17131,19057,19111,,,,,,,
19111,19057,19087,19177,29045,,,,,,
29045,19177,29103,29199,,,,,,,
17151,17087,17127,21139,,,,,,,
21055,21033,21139,21143,21233,,,,,,
21139,17127,21143,21145,21157,,,,,,
17131,17161,19057,19115,,,,,,,
19057,19087,19115,,,,,,,,
17161,19115,19139,19163,,,,,,,
18007,18073,18111,18157,18171,18181,,,,,
18111,18073,,,,,,,,,
17157,17133,29157,29186,,,,,,,
29157,29017,29123,29186,29187,,,,,,
19061,19043,19055,19105,55043,,,,,,
55043,19043,55023,55049,55065,55103,,,,,
55065,55045,55049,,,,,,,,
17087,17127,,,,,,,,,
17127,21145,,,,,,,,,
26005,26015,26077,26081,26139,26159,55059,55101,,,
26159,26027,26077,26149,,,,,,,
55059,55101,,,,,,,,,
17203,,,,,,,,,,
29189,17133,29071,29099,29510,,,,,,
29510,,,,,,,,,,
21145,21039,21083,21157,,,,,,,
19115,19087,19103,19139,19183,,,,,,
17133,29099,29186,,,,,,,,
29099,29071,29186,29187,29221,,,,,,
29186,29187,,,,,,,,,
29173,29007,29137,,,,,,,,
19139,19031,19103,19163,,,,,,,
19163,19031,,,,,,,,,
55045,55025,55049,,,,,,,,
18171,18045,18157,,,,,,,,
18051,18125,18163,18173,,,,,,,
18001,18003,18075,18179,39107,39161,,,,,
18003,18033,18069,18113,18179,18183,39039,39125,39161,,
18075,18009,18035,18135,18179,39037,39107,,,,
18179,18009,18053,18069,,,,,,,
39107,39011,39037,39149,39161,,,,,,
39161,39003,39011,39125,39137,,,,,,
18033,18087,18113,18151,39039,39171,,,,,
18069,18053,18169,18183,,,,,,,
18113,18039,18085,18087,18151,18183,,,,,
18183,18085,18169,,,,,,,,
39039,39069,39125,39137,39171,,,,,,
39125,39137,,,,,,,,,
18005,18013,18031,18071,18079,18081,18145,,,,
18013,18071,18081,18105,18109,,,,,,
18031,18047,18079,18137,18139,18145,,,,,
18071,18079,18093,18105,18143,18175,,,,,
18079,18077,18137,18143,,,,,,,
18081,18097,18109,18145,,,,,,,
18145,18059,18097,18139,,,,,,,
18073,18091,18131,18149,18181,,,,,,
18157,18015,18023,18045,18107,18181,,,,,
18181,18015,18017,18131,,,,,,,
18009,18035,18053,,,,,,,,
18035,18053,18065,18095,18135,,,,,,
18053,18067,18095,18103,18159,18169,,,,,
18011,18023,18057,18063,18097,18107,,,,,
18023,18015,18057,18067,18107,18159,,,,,
18057,18059,18095,18097,18159,,,,,,
18063,18097,18107,18109,18133,,,,,,
18097,18059,18109,,,,,,,,
18107,18045,18121,18133,,,,,,,
18105,18055,18093,18109,18119,,,,,,
18109,18119,18133,,,,,,,,
18015,18017,18067,,,,,,,,
18017,18049,18067,18103,18131,,,,,,
18067,18103,18159,,,,,,,,
18049,18085,18099,18103,18131,18149,18169,,,,
18103,18169,,,,,,,,,
18131,18099,18149,,,,,,,,
18019,18043,18077,18143,18175,21111,21185,21223,,,
18043,18061,18175,21111,,,,,,,
18077,18137,18143,18155,21041,21223,,,,,
18143,18175,,,,,,,,,
18175,18025,18061,18093,18117,,,,,,
21111,18061,21029,21093,21185,21211,21215,,,,
21185,21103,21211,21223,,,,,,,
21223,21041,21103,,,,,,,,
18021,18055,18119,18121,18133,,,,,,
18055,18027,18093,18101,18119,,,,,,
18119,18133,,,,,,,,,
18121,18045,18133,,,,,,,,
18133,,,,,,,,,,
18159,18095,,,,,,,,,
18025,18037,18061,18117,18123,21163,,,,,
18037,18027,18101,18117,18123,18125,18147,18173,,,
18061,21093,21163,,,,,,,,
18117,18093,18101,,,,,,,,
18123,18147,21027,21091,21163,,,,,,
21163,21027,21093,,,,,,,,
18027,18101,18125,,,,,,,,
18101,18093,,,,,,,,,
18125,18173,,,,,,,,,
18029,18047,18115,18137,21015,39017,39061,,,,
18047,18041,18137,18139,18161,39017,39061,,,,
18115,18137,18155,21015,,,,,,,
18137,18155,,,,,,,,,
21015,18155,21077,21081,21117,39061,,,,,
39017,18161,39061,39113,39135,39165,,,,,
39061,21037,21117,39025,39165,,,,,,
18139,18041,18059,18065,,,,,,,
18087,18039,18151,26023,26149,,,,,,
18151,26023,26059,39171,,,,,,,
39171,26059,39051,39069,,,,,,,
18065,18041,18059,18095,18135,18177,,,,,
18095,18059,,,,,,,,,
18135,18177,39037,,,,,,,,
18147,18173,21059,21091,,,,,,,
18173,18163,21059,21101,,,,,,,
18039,18085,18099,18141,26027,26149,,,,,
18085,18099,18169,,,,,,,,
18099,18141,18149,,,,,,,,
18141,18091,18149,26027,,,,,,,
26027,26077,26149,,,,,,,,
26149,26023,26025,26077,,,,,,,
18041,18161,18177,,,,,,,,
18161,18177,39135,,,,,,,,
18177,39037,39135,,,,,,,,
18045,,,,,,,,,,
18149,18091,,,,,,,,,
18169,,,,,,,,,,
18163,21101,,,,,,,,,
18093,,,,,,,,,,
18059,,,,,,,,,,
21093,21027,21029,21085,21099,21123,21179,,,,
18091,,,,,,,,,,
39037,39109,39113,39135,39149,,,,,,
18155,21041,21077,,,,,,,,
21041,21077,21103,21187,,,,,,,
26023,26025,26059,26077,,,,,,,
21027,21085,21091,21183,,,,,,,
21091,21059,21183,,,,,,,,
21101,21059,21149,21233,,,,,,,
21059,21149,21183,,,,,,,,
26059,26025,26075,26091,39051,,,,,,
21077,21081,21187,,,,,,,,
39135,39113,,,,,,,,,
19001,19003,19009,19029,19049,19077,19121,19175,,,
19003,19029,19137,19145,19159,19173,19175,,,,
19009,19027,19029,19047,19077,19165,,,,,
19029,19077,19137,19155,19165,,,,,,
19049,19015,19073,19077,19121,19153,19181,,,,
19077,19027,19073,19121,,,,,,,
19121,19039,19153,19175,19181,,,,,,
19175,19039,19053,19159,19173,,,,,,
19137,19071,19129,19145,19155,19173,,,,,
19145,19071,19129,19173,29005,29147,,,,,
19159,19039,19053,19173,29081,29227,,,,,
19173,29147,29227,,,,,,,,
19005,19043,19065,19191,27055,55023,55123,,,,
19043,19019,19055,19065,19191,55023,,,,,
19065,19013,19017,19019,19037,19055,19191,,,,
19191,19037,19089,27045,27055,,,,,,
27055,27045,27169,55063,55123,,,,,,
55023,55103,55123,,,,,,,,
55123,55057,55063,55081,55103,55111,,,,,
19007,19051,19117,19135,19179,19185,29171,29197,,,
19051,19101,19135,19177,19179,29197,29199,,,,
19117,19039,19053,19125,19135,19181,19185,,,,
19135,19123,19125,19179,19185,,,,,,
19179,19101,19107,19123,19177,,,,,,
19185,19039,19053,29129,29171,,,,,,
29171,29001,29129,29197,29211,,,,,,
29197,29001,29199,,,,,,,,
19027,19025,19047,19073,19161,19165,,,,,
19047,19085,19093,19133,19161,19165,19193,,,,
19165,19085,19155,,,,,,,,
19011,19013,19019,19095,19103,19113,19157,19171,,,
19013,19017,19019,19023,19075,19171,,,,,
19019,19017,19055,19113,,,,,,,
19095,19103,19107,19113,19157,19171,19183,,,,
19103,19031,19113,19183,,,,,,,
19113,19031,19055,19105,,,,,,,
19157,19099,19107,19123,19127,19171,,,,,
19171,19075,19099,19127,,,,,,,
19017,19023,19037,19067,,,,,,,
19023,19033,19037,19067,19069,19075,19083,,,,
19075,19069,19083,19127,,,,,,,
19015,19073,19079,19153,19169,19187,,,,,
19073,19025,19187,,,,,,,,
19079,19069,19083,19169,19187,19197,,,,,
19153,19099,19125,19169,19181,,,,,,
19169,19083,19099,19127,,,,,,,
19187,19025,19091,19151,19197,,,,,,
19037,19067,19089,19131,,,,,,,
19067,19033,19069,19089,19131,,,,,,
19055,19105,,,,,,,,,
19021,19025,19035,19041,19093,19141,19147,19151,19161,,
19025,19151,19161,,,,,,,,
19035,19041,19093,19141,19149,19161,19167,19193,,,
19041,19059,19063,19141,19143,19147,19151,,,,
19093,19133,19161,19193,,,,,,,
19141,19059,19119,19143,19149,19167,,,,,
19147,19059,19063,19091,19109,19151,,,,,
19151,19091,19109,19161,,,,,,,
19161,,,,,,,,,,
19033,19069,19081,19131,19189,19195,19197,,,,
19069,19081,19083,19197,,,,,,,
19083,19127,19197,,,,,,,,
19155,19085,19129,31055,31153,31177,,,,,
19031,19105,,,,,,,,,
19105,,,,,,,,,,
19081,19091,19109,19189,19195,19197,,,,,
19131,19089,19195,27099,,,,,,,
19189,19109,19195,27043,27047,,,,,,
19195,27047,27099,,,,,,,,
19197,19091,19109,,,,,,,,
19149,19167,19193,46127,,,,,,,
19167,19119,19143,46083,46127,,,,,,
19193,19133,31043,31173,46127,,,,,,
19089,27045,27099,,,,,,,,
19039,19053,19181,,,,,,,,
19053,29081,29129,,,,,,,,
19181,19125,,,,,,,,,
19059,19063,19143,27063,,,,,,,
19063,19109,27063,27091,,,,,,,
19143,19119,27063,27105,,,,,,,
19085,19133,31021,31177,,,,,,,
19133,31021,31173,,,,,,,,
19101,19087,19107,19177,19183,,,,,,
19177,19087,29199,,,,,,,,
29199,29001,29103,,,,,,,,
29081,29061,29075,29079,29129,29227,,,,,
29129,29079,29211,,,,,,,,
19087,19183,,,,,,,,,
27063,27033,27091,27105,27165,,,,,,
19109,19091,27043,27091,,,,,,,
27091,27013,27043,27165,,,,,,,
19071,19129,29005,31025,31131,,,,,,
19129,31025,31153,,,,,,,,
29005,29087,29147,31127,31131,,,,,,
31025,31109,31131,31153,31155,,,,,,
31131,31067,31097,31109,31127,,,,,,
19127,19099,,,,,,,,,
19091,,,,,,,,,,
31021,31039,31053,31173,31177,,,,,,
31177,31053,31055,,,,,,,,
19183,19107,,,,,,,,,
27045,27099,27109,27169,,,,,,,
27099,27039,27047,27109,27147,,,,,,
19107,19123,,,,,,,,,
19099,19123,19125,,,,,,,,
19123,19125,,,,,,,,,
19125,,,,,,,,,,
27043,27013,27047,27161,,,,,,,
19119,27105,27133,46083,46099,,,,,,
27105,27033,27101,27133,,,,,,,
27133,27101,27117,46099,46101,,,,,,
46083,46027,46099,46125,46127,,,,,,
46099,27117,46079,46087,46101,46125,,,,,
31153,31055,31155,,,,,,,,
31173,31039,31043,31051,31179,,,,,,
29147,29003,29075,29087,29227,,,,,,
46127,31043,31051,46027,,,,,,,
31055,31053,31155,,,,,,,,
29227,29075,,,,,,,,,
27047,27147,27161,,,,,,,,
31043,31051,,,,,,,,,
20001,20003,20011,20031,20107,20133,20205,20207,,,
20003,20011,20031,20059,20107,20121,20207,,,,
20011,20037,20107,20133,29217,,,,,,
20031,20059,20073,20111,20139,20207,,,,,
20107,20059,20121,29013,29217,,,,,,
20133,20037,20099,20125,20205,20207,,,,,
20205,20049,20073,20125,20207,,,,,,
20207,20073,,,,,,,,,
20059,20045,20091,20121,20139,,,,,,
20121,20045,20091,29013,29037,,,,,,
20005,20013,20043,20085,20087,20103,29021,29165,,,
20013,20043,20085,20131,31147,,,,,,
20043,29003,29021,29087,31147,,,,,,
20085,20087,20131,20149,20177,,,,,,
20087,20045,20103,20177,,,,,,,
20103,20045,20091,20209,29165,,,,,,
29021,29003,29049,29063,29165,,,,,,
29165,20209,29047,29049,,,,,,,
20007,20033,20077,20095,20097,20151,40003,40151,,,
20033,20025,20097,40059,40151,,,,,,
20077,20095,20191,40003,40053,,,,,,
20095,20151,20155,20173,20191,,,,,,
20097,20025,20047,20057,20151,,,,,,
20151,20047,20155,20185,,,,,,,
40003,40047,40053,40093,40151,,,,,,
40151,40059,40093,40153,,,,,,,
20009,20053,20145,20159,20165,20167,20185,,,,
20053,20105,20113,20159,20167,20169,,,,,
20145,20047,20083,20135,20165,20185,,,,,
20159,20113,20155,20185,,,,,,,
20165,20051,20135,20167,,,,,,,
20167,20051,20105,20141,,,,,,,
20185,20047,20155,,,,,,,,
20037,20021,20099,29011,29097,29217,,,,,
29217,29011,29013,29039,29185,,,,,,
20131,20117,20149,31133,31147,,,,,,
31147,29087,31127,31133,,,,,,,
20015,20017,20035,20049,20073,20079,20115,20173,20191,,
20017,20073,20111,20115,20127,,,,,,
20035,20019,20049,20173,20191,40071,40113,,,,
20049,20019,20073,20125,,,,,,,
20073,20111,,,,,,,,,
20079,20113,20115,20155,20173,,,,,,
20115,20041,20113,20127,20169,,,,,,
20173,20155,20191,,,,,,,,
20191,40053,40071,,,,,,,,
20111,20127,20139,20197,,,,,,,
20127,20041,20061,20197,,,,,,,
20019,20125,40113,40147,,,,,,,
20125,20099,40105,40147,,,,,,,
40113,40071,40103,40117,40143,40147,,,,,
40147,40105,40131,40143,,,,,,,
20021,20099,29097,29145,40035,40115,,,,,
20099,40035,40105,,,,,,,,
29097,29011,29057,29109,29145,,,,,,
29145,29109,40115,,,,,,,,
40035,40097,40105,40115,40131,,,,,,
40115,,,,,,,,,,
20153,20039,20193,31087,31145,,,,,,
20025,20057,20119,40007,40059,,,,,,
20057,20047,20069,20083,20119,,,,,,
20119,20069,20081,20175,40007,,,,,,
40007,20175,40045,40059,40139,48295,48357,,,,
40059,40045,40153,,,,,,,,
20027,20029,20041,20061,20143,20161,20201,,,,
20029,20089,20123,20143,20157,20201,,,,,
20041,20061,20113,20143,20169,,,,,,
20061,20161,20197,,,,,,,,
20143,20105,20123,20169,,,,,,,
20161,20117,20149,20197,20201,,,,,,
20201,20117,20157,31067,31095,31169,,,,,
20089,20123,20141,20157,20183,31129,31181,,,,
20123,20105,20141,,,,,,,,
20157,31095,31129,31169,,,,,,,
20139,20045,20177,20197,,,,,,,
40071,40047,40053,40103,,,,,,,
29011,29039,29057,,,,,,,,
20039,20137,20179,20193,31065,31145,,,,,
20137,20065,20147,20179,31065,31083,,,,,
20179,20063,20065,20193,,,,,,,
20193,20063,20109,,,,,,,,
31065,31063,31073,31083,31137,31145,,,,,
31145,31063,31087,,,,,,,,
20113,20155,20169,,,,,,,,
20169,20105,,,,,,,,,
29003,29063,29075,29087,,,,,,,
29087,31127,,,,,,,,,
20045,20091,20177,,,,,,,,
20091,20209,29037,29095,,,,,,,
20177,20149,20197,,,,,,,,
20047,20083,,,,,,,,,
20083,20055,20069,20135,,,,,,,
20051,20135,20141,20163,20195,,,,,,
20135,20055,20063,20101,20195,,,,,,
20141,20105,20163,20183,,,,,,,
20163,20065,20147,20183,20195,,,,,,
20195,20063,20065,,,,,,,,
20105,,,,,,,,,,
20055,20067,20069,20081,20093,20101,20171,,,,
20067,20081,20093,20189,,,,,,,
20069,20081,,,,,,,,,
20081,20093,20175,20189,,,,,,,
20093,20171,20203,,,,,,,,
20101,20063,20171,,,,,,,,
20171,20063,20109,20203,,,,,,,
20197,20149,,,,,,,,,
20063,20065,20109,,,,,,,,
20065,20147,,,,,,,,,
20109,20203,,,,,,,,,
20147,20183,31061,31083,,,,,,,
20189,20175,40139,,,,,,,,
20203,,,,,,,,,,
40053,40047,,,,,,,,,
20155,,,,,,,,,,
20175,40139,,,,,,,,,
20149,20117,,,,,,,,,
20183,31061,31181,,,,,,,,
31129,31035,31059,31169,31181,,,,,,
31181,31001,31035,31061,31099,,,,,,
20209,29047,29095,,,,,,,,
29037,29013,29083,29095,29101,,,,,,
29095,29047,29101,29107,29177,,,,,,
40105,40131,,,,,,,,,
29013,29083,29185,,,,,,,,
20117,31067,31133,,,,,,,,
31067,31095,31097,31109,31133,31151,,,,,
31133,31097,31127,,,,,,,,
40139,48195,48357,48421,,,,,,,
31083,31061,31099,31137,,,,,,,
31061,31099,31137,,,,,,,,
31087,31063,31085,,,,,,,,
31095,31059,31151,31169,,,,,,,
31169,31059,31151,,,,,,,,
29047,29049,29177,,,,,,,,
21001,21045,21057,21087,21169,21207,21217,,,,
21045,21021,21137,21155,21199,21207,21217,,,,
21057,21053,21169,21171,21207,47027,,,,,
21087,21099,21123,21169,21217,,,,,,
21169,21009,21099,21171,,,,,,,
21207,21053,21199,21231,,,,,,,
21217,21123,21155,,,,,,,,
21003,21009,21171,21213,21227,47111,47165,,,,
21009,21061,21099,21171,21227,,,,,,
21171,47027,47111,,,,,,,,
21213,21141,21227,47147,47165,,,,,,
21227,21031,21061,21141,,,,,,,
47111,47027,47087,47159,47165,47169,,,,,
47165,47037,47147,47169,47189,,,,,,
21005,21073,21167,21179,21211,21215,21229,21239,,,
21073,21103,21187,21209,21211,21239,,,,,
21167,21021,21079,21113,21229,21239,,,,,
21179,21029,21123,21155,21215,21229,,,,,
21211,21103,21215,,,,,,,,
21215,21029,,,,,,,,,
21229,21021,21155,,,,,,,,
21239,21067,21113,21209,,,,,,,
21039,21083,21105,,,,,,,,
21061,21031,21085,21099,,,,,,,
21099,21085,21123,,,,,,,,
21011,21017,21069,21165,21173,21181,21205,,,,
21017,21049,21067,21097,21173,21181,21209,,,,
21069,21135,21161,21181,21201,21205,,,,,
21165,21173,21175,21197,21205,21237,,,,,
21173,21049,21181,21197,,,,,,,
21181,21097,21201,,,,,,,,
21205,21043,21063,21135,21175,,,,,,
21013,21051,21095,21121,21131,21235,47025,51105,,,
21051,21109,21121,21125,21131,21189,21193,,,,
21095,21131,21133,21193,51105,51195,,,,,
21121,21125,21235,,,,,,,,
21131,21193,,,,,,,,,
21235,21125,21147,47013,47025,,,,,,
47025,47013,47057,47067,47173,51105,,,,,
51105,47067,51169,51195,,,,,,,
21081,21097,21117,21187,21191,21209,,,,,
21117,21037,21191,,,,,,,,
21049,21065,21067,21151,21197,,,,,,
21067,21113,21151,21209,,,,,,,
21097,21023,21191,21201,21209,,,,,,
21209,21187,,,,,,,,,
21019,21043,21089,21127,39087,54099,,,,,
21043,21063,21089,21127,21135,,,,,,
21089,21135,39087,39145,,,,,,,
21127,21063,21115,21159,21175,54099,,,,,
39087,39053,39079,39145,54011,54099,,,,,
54099,21159,54011,54043,54059,,,,,,
21021,21079,21137,21155,,,,,,,
21079,21113,21137,21151,21203,,,,,,
21137,21199,21203,,,,,,,,
21155,21123,,,,,,,,,
21023,21161,21191,21201,39015,39025,,,,,
21161,21135,21201,39001,39015,,,,,,
21191,21037,39025,,,,,,,,
21201,,,,,,,,,,
39015,39001,39025,39027,39071,,,,,,
39025,21037,39027,39165,,,,,,,
21025,21119,21129,21153,21189,21193,21237,,,,
21119,21071,21133,21153,21193,21195,,,,,
21129,21065,21109,21189,21197,21237,,,,,
21153,21071,21115,21175,21237,,,,,,
21189,21109,21193,,,,,,,,
21193,21133,,,,,,,,,
21237,21175,21197,,,,,,,,
21085,21031,21183,,,,,,,,
21183,21031,21149,21177,,,,,,,
21029,,,,,,,,,,
21031,21141,21177,,,,,,,,
21141,21177,21219,47147,,,,,,,
21177,21047,21107,21149,21219,,,,,,
21033,21047,21107,21143,21221,21233,,,,,
21047,21107,21219,21221,47125,47161,,,,,
21107,21149,21233,,,,,,,,
21143,21157,21221,,,,,,,,
21221,21035,21157,47161,,,,,,,
21233,21149,,,,,,,,,
21035,21083,21157,47079,47161,,,,,,
21083,21105,21157,47079,47183,,,,,,
21157,,,,,,,,,,
47079,47005,47017,47161,47183,,,,,,
47161,47005,47083,47125,,,,,,,
21037,,,,,,,,,,
21105,21075,47131,47183,,,,,,,
21103,21187,,,,,,,,,
21187,,,,,,,,,,
21063,21175,,,,,,,,,
21135,39001,39145,,,,,,,,
21199,21125,21147,21203,21231,,,,,,
21219,47125,47147,,,,,,,,
47125,47021,47043,47083,47147,,,,,,
21065,21109,21151,21197,,,,,,,
21151,21109,21113,21203,,,,,,,
21197,,,,,,,,,,
21109,21125,21203,,,,,,,,
21125,21147,21203,,,,,,,,
21053,21231,47027,47137,,,,,,,
21231,21147,47137,47151,,,,,,,
47027,47087,47133,47137,,,,,,,
47137,47049,47133,47151,,,,,,,
21149,,,,,,,,,,
21175,21115,,,,,,,,,
21113,,,,,,,,,,
21071,21115,21159,21195,,,,,,,
21115,21159,,,,,,,,,
21159,21195,54059,,,,,,,,
21195,21133,51027,51051,51195,54059,,,,,
21075,29143,47095,47131,,,,,,,
29143,29207,47095,,,,,,,,
47095,47131,,,,,,,,,
47131,47053,47183,,,,,,,,
21203,,,,,,,,,,
47183,47017,47053,,,,,,,,
21123,,,,,,,,,,
39145,39001,39079,39131,,,,,,,
21133,51195,,,,,,,,,
51195,51051,51167,51169,51720,,,,,,
21147,47013,47151,,,,,,,,
39001,39071,39131,,,,,,,,
47147,47021,47037,,,,,,,,
47013,47001,47151,47173,,,,,,,
47151,47001,47049,47129,,,,,,,
54059,51027,54043,54045,54047,54109,,,,,
51027,51051,51167,51185,54047,,,,,,
51051,51167,,,,,,,,,
22001,22039,22053,22055,22097,22113,,,,,
22039,22003,22009,22053,22079,22097,,,,,
22053,22003,22011,22019,22023,22113,,,,,
22055,22045,22097,22099,22113,,,,,,
22097,22009,22077,22099,,,,,,,
22113,22023,22045,,,,,,,,
22003,22011,22079,22115,,,,,,,
22011,22019,22115,48351,,,,,,,
22079,22009,22043,22059,22069,22115,,,,,
22115,22069,22085,48351,,,,,,,
22005,22007,22033,22047,22063,22093,22095,,,,
22007,22045,22047,22057,22093,22099,22101,22109,,,
22033,22037,22047,22063,22091,22121,,,,,
22047,22045,22077,22099,22121,,,,,,
22063,22091,22095,22105,,,,,,,
22093,22057,22095,,,,,,,,
22095,22051,22057,22089,22103,22105,,,,,
22045,22099,22101,,,,,,,,
22057,22051,22089,22109,,,,,,,
22099,22077,22101,,,,,,,,
22101,22109,,,,,,,,,
22109,,,,,,,,,,
22009,22025,22029,22059,22077,22125,,,,,
22025,22021,22029,22041,22059,22107,,,,,
22029,22077,22107,22125,28001,28157,,,,,
22059,22021,22043,22127,,,,,,,
22077,22121,22125,,,,,,,,
22125,22037,22121,28157,,,,,,,
22019,22023,48351,48361,,,,,,,
48351,22085,48241,48361,48403,,,,,,
22013,22049,22061,22069,22081,22127,,,,,
22049,22021,22061,22073,22127,,,,,,
22061,22073,,,,,,,,,
22069,22031,22043,22081,22085,22127,,,,,
22081,22031,,,,,,,,,
22127,22021,22043,,,,,,,,
22031,22085,48365,48419,,,,,,,
48203,48183,48315,48365,48401,48459,,,,,
48315,48343,48459,,,,,,,,
48365,48401,48419,,,,,,,,
22023,48245,48361,,,,,,,,
48361,48199,48241,48245,,,,,,,
22021,22041,22073,22083,,,,,,,
22041,22065,22083,22107,,,,,,,
22073,22083,,,,,,,,,
22083,22065,,,,,,,,,
48245,48071,48199,48291,,,,,,,
22107,22065,28001,28021,28063,28149,,,,,
28001,28037,28063,28157,,,,,,,
28157,22037,28005,28037,,,,,,,
22085,48403,48419,,,,,,,,
48419,48347,48401,48403,48405,,,,,,
22037,22091,22121,28005,,,,,,,
22091,22105,28005,,,,,,,,
22121,,,,,,,,,,
22065,28149,,,,,,,,,
28149,28021,28049,28163,,,,,,,
28005,22105,28037,28085,28113,,,,,,
22043,,,,,,,,,,
22051,22071,22075,22089,22103,,,,,,
22071,22075,22087,22103,,,,,,,
22075,22087,,,,,,,,,
22089,,,,,,,,,,
22103,22087,22105,22117,28045,28109,,,,,
22105,22117,28113,,,,,,,,
22087,28045,28047,,,,,,,,
48403,48241,48405,,,,,,,,
28045,28047,28109,28131,,,,,,,
28047,28109,28131,,,,,,,,
22117,28091,28109,28113,28147,,,,,,
28109,28035,28073,28091,28131,,,,,,
28113,28085,28147,,,,,,,,
28021,28029,28049,28063,,,,,,,
28063,28029,28037,28085,,,,,,,
28091,28065,28073,28077,28147,,,,,,
28147,28077,28085,,,,,,,,
23001,23005,23007,23011,23017,23023,,,,,
23005,23017,23023,23031,,,,,,,
23007,23011,23017,23025,,,,,,,
23011,23015,23023,23025,23027,,,,,,
23017,23031,33003,33007,,,,,,,
23023,23015,,,,,,,,,
23003,23019,23021,23025,23029,,,,,,
23019,23009,23021,23025,23027,23029,,,,,
23021,23025,,,,,,,,,
23025,23027,,,,,,,,,
23029,23009,,,,,,,,,
23031,33003,33015,33017,,,,,,,
23009,23013,23027,,,,,,,,
23013,23015,23027,,,,,,,,
23027,23015,,,,,,,,,
23015,,,,,,,,,,
33003,33001,33007,33009,33017,,,,,,
33007,33009,50009,,,,,,,,
33015,25009,33011,33013,33017,,,,,,
33017,33001,33013,,,,,,,,
24001,24023,24043,42009,42057,42111,54027,54057,54065,,
24023,42051,42111,54023,54057,54077,,,,,
24043,24021,42055,42057,51107,54003,54037,54065,,,
42009,42013,42021,42057,42061,42111,,,,,
42057,42055,42061,,,,,,,,
42111,42021,42051,42129,,,,,,,
54027,51069,54023,54031,54057,54065,,,,,
54057,54023,54031,,,,,,,,
54065,51069,54003,,,,,,,,
24003,24005,24009,24027,24041,24510,,,,,
24005,24013,24025,24027,24510,42133,,,,,
24009,24017,24037,24041,,,,,,,
24027,24013,24021,,,,,,,,
24041,,,,,,,,,,
24510,,,,,,,,,,
24013,24021,42001,42133,,,,,,,
24025,42071,42133,,,,,,,,
42133,42001,42041,42043,42071,,,,,,
24017,24037,51059,51099,51153,51179,51193,,,,
24037,24039,51133,51193,,,,,,,
24021,42001,42055,51107,,,,,,,
42001,42041,42055,,,,,,,,
42071,42011,42043,42075,,,,,,,
51059,51107,51153,51600,51610,,,,,,
51099,51033,51057,51179,51193,,,,,,
51153,51061,51107,51179,51683,51685,,,,,
51179,51033,51047,51061,51177,51630,,,,,
51193,51057,51133,51159,,,,,,,
24039,51001,51133,,,,,,,,
42055,42041,42061,42067,42099,,,,,,
51107,51043,51061,54037,,,,,,,
42051,42059,42125,42129,54061,54077,,,,,
54023,54031,54071,54077,54083,54093,,,,,
54077,54001,54061,54091,54093,,,,,,
51133,51001,51103,51159,,,,,,,
51001,51103,51115,51119,51131,,,,,,
54003,51043,51069,54037,,,,,,,
54037,51043,51069,,,,,,,,
25001,25005,25007,25023,,,,,,,
25005,25007,25021,25023,44001,44005,,,,,
25007,25019,,,,,,,,,
25023,25021,25025,,,,,,,,
25011,25015,33005,50003,50025,,,,,,
25015,,,,,,,,,,
36021,36001,36039,36083,36111,,,,,,
36083,36001,36039,36091,36115,50003,,,,,
50003,36115,50021,50025,50027,,,,,,
25021,25017,25025,,,,,,,,
44001,44005,,,,,,,,,
44005,,,,,,,,,,
25019,,,,,,,,,,
25009,25017,25025,33011,,,,,,,
25017,25025,33011,,,,,,,,
25025,,,,,,,,,,
33011,33005,33013,33019,,,,,,,
33005,33019,50025,,,,,,,,
50025,33019,50027,,,,,,,,
26001,26007,26069,26129,26135,,,,,,
26007,26119,26135,26141,,,,,,,
26069,26011,26063,26129,26135,,,,,,
26129,26011,26039,26051,26135,26143,,,,,
26135,26039,26119,26137,26143,,,,,,
26003,26041,26083,26095,26103,26153,,,,,
26041,26089,26103,26109,26153,55029,,,,,
26083,26061,26103,26131,27031,,,,,,
26095,26033,26097,26153,,,,,,,
26103,26013,26043,26061,26071,26109,,,,,
26153,26029,26089,26097,,,,,,,
26015,26025,26045,26067,26077,26081,,,,,
26077,26025,,,,,,,,,
26081,26067,26117,26121,26123,26139,,,,,
26139,26121,55079,55101,,,,,,,
55101,55079,55133,,,,,,,,
26119,26031,26039,26137,26141,,,,,,
26141,26031,26033,26097,,,,,,,
26009,26029,26039,26055,26079,26089,26137,,,,
26029,26031,26047,26089,26097,26137,,,,,
26039,26079,26113,26137,26143,,,,,,
26055,26019,26079,26089,26101,26113,26165,,,,
26079,26113,26137,26143,26165,,,,,,
26089,26019,55029,,,,,,,,
26137,26031,,,,,,,,,
26011,26017,26051,26063,,,,,,,
26017,26051,26063,26111,26145,26157,,,,,
26051,26035,26073,26111,26143,,,,,,
26063,26151,26157,,,,,,,,
26013,26061,26071,,,,,,,,
26061,26071,26131,,,,,,,,
26071,26043,26053,26131,55037,55041,55125,,,,
26025,26045,26075,,,,,,,,
26045,26037,26065,26067,26075,,,,,,
26067,26037,26057,26117,,,,,,,
26111,26035,26057,26073,26145,,,,,,
26145,26049,26057,26155,26157,,,,,,
26157,26049,26087,26151,,,,,,,
26019,26101,26165,55029,55061,,,,,,
26101,26085,26105,26165,55061,55071,,,,,
26165,26085,26113,26133,,,,,,,
55029,26109,55009,55061,55075,55083,,,,,
55061,55009,55071,,,,,,,,
26075,26065,26091,26093,26161,,,,,,
26031,26047,26097,,,,,,,,
26047,26097,,,,,,,,,
26097,26033,,,,,,,,,
26033,,,,,,,,,,
26035,26073,26107,26113,26133,26143,,,,,
26073,26057,26107,26117,26133,,,,,,
26107,26085,26117,26123,26133,,,,,,
26113,26133,26143,,,,,,,,
26133,26085,26123,,,,,,,,
26143,,,,,,,,,,
26037,26057,26065,26117,26155,,,,,,
26057,26117,26155,,,,,,,,
26065,26093,26155,,,,,,,,
26117,26123,,,,,,,,,
26155,26049,26093,,,,,,,,
26109,26043,55075,,,,,,,,
26043,55037,55075,,,,,,,,
55037,55041,55075,,,,,,,,
55075,55041,55083,,,,,,,,
26049,26087,26093,26125,,,,,,,
26087,26099,26125,26147,26151,,,,,,
26093,26125,26161,,,,,,,,
26125,26099,26161,26163,,,,,,,
26053,26131,55003,55051,55125,,,,,,
26131,27031,55003,,,,,,,,
55003,27031,27075,55007,55051,55099,55113,,,,
55051,55099,55125,,,,,,,,
55125,55041,55085,55099,,,,,,,
26091,26115,26161,39051,39095,,,,,,
39051,39069,39095,,,,,,,,
26151,26147,,,,,,,,,
55041,55067,55083,55085,,,,,,,
26161,26115,26163,,,,,,,,
26121,26123,26127,55079,55089,,,,,,
26123,26085,26105,26127,,,,,,,
27031,27075,,,,,,,,,
26085,26105,26127,,,,,,,,
26105,26127,55071,55117,,,,,,,
26127,55089,55117,,,,,,,,
26099,26147,26163,,,,,,,,
26147,,,,,,,,,,
26115,26163,39095,,,,,,,,
39095,39069,39123,39173,,,,,,,
26163,,,,,,,,,,
55071,55009,55015,55117,,,,,,,
55117,55015,55039,55089,55131,,,,,,
55079,55089,55131,55133,,,,,,,
55089,55131,55133,,,,,,,,
27001,27017,27021,27035,27061,27065,27095,27115,27137,,
27017,27115,27137,55031,,,,,,,
27021,27007,27035,27057,27061,27097,27153,27159,,,
27035,27095,27097,,,,,,,,
27061,27007,27071,27137,,,,,,,
27065,27025,27059,27095,27115,,,,,,
27095,27009,27059,27097,27141,,,,,,
27115,27025,27059,55013,55031,,,,,,
27137,27071,27075,55031,,,,,,,
27003,27025,27053,27059,27123,27141,27163,,,,
27025,27059,27163,55013,55095,,,,,,
27053,27019,27037,27123,27139,27141,27171,,,,
27059,27141,,,,,,,,,
27123,27037,27163,,,,,,,,
27141,27009,27145,27171,,,,,,,
27163,27037,55093,55095,55109,,,,,,
27005,27027,27029,27057,27087,27107,27111,27159,,,
27027,27107,27111,27167,38017,38077,,,,,
27029,27007,27057,27087,27113,27119,,,,,
27057,27007,27159,,,,,,,,
27087,27107,27119,,,,,,,,
27107,27119,38017,38097,,,,,,,
27111,27041,27051,27153,27159,27167,,,,,
27159,27153,,,,,,,,,
27007,27071,27077,27089,27113,27135,,,,,
27071,27077,,,,,,,,,
27077,27135,,,,,,,,,
27089,27069,27113,27119,27135,38035,38067,38099,,,
27113,27119,27125,,,,,,,,
27135,27069,,,,,,,,,
27009,27097,27145,,,,,,,,
27097,27145,27153,,,,,,,,
27145,27041,27067,27093,27121,27153,27171,,,,
27011,27073,27149,27151,27155,46051,46109,,,,
27073,27023,27151,27173,46039,46051,,,,,
27149,27041,27051,27121,27151,27155,,,,,
27151,27023,27067,27121,,,,,,,
27155,27051,27167,38077,46109,,,,,,
46051,46029,46037,46039,46109,,,,,,
46109,38077,38081,46037,46091,,,,,,
27013,27015,27079,27103,27161,27165,,,,,
27015,27033,27103,27127,27129,27165,,,,,
27079,27103,27131,27139,27143,27161,,,,,
27103,27129,27143,,,,,,,,
27161,27131,27147,,,,,,,,
27165,27033,,,,,,,,,
27033,27101,27127,,,,,,,,
27127,27083,27101,27129,27173,,,,,,
27129,27023,27067,27085,27093,27143,27173,,,,
55031,27075,55007,55013,55113,55129,,,,,
27019,27085,27139,27143,27171,,,,,,
27085,27093,27143,27171,,,,,,,
27139,27037,27131,27143,,,,,,,
27143,,,,,,,,,,
27171,27093,,,,,,,,,
27153,27041,,,,,,,,,
27023,27067,27173,,,,,,,,
27067,27093,27121,,,,,,,,
27173,27081,27083,46039,,,,,,,
55013,55005,55095,55129,,,,,,,
55095,55005,55033,55109,,,,,,,
27167,27051,38077,,,,,,,,
38017,38003,38073,38077,38091,38097,,,,,
38077,38073,38081,46091,,,,,,,
27119,27125,38035,38097,,,,,,,
27075,55007,,,,,,,,,
27101,27083,27117,,,,,,,,
27037,27049,27131,55093,,,,,,,
27049,27039,27109,27131,27157,55091,55093,,,,
27131,27039,27147,,,,,,,,
55093,55033,55091,55109,,,,,,,
27039,27109,27147,,,,,,,,
27109,27157,27169,,,,,,,,
27147,,,,,,,,,,
27041,27051,27121,,,,,,,,
27051,27121,,,,,,,,,
27121,,,,,,,,,,
27169,27157,55011,55063,55121,,,,,,
27157,55011,55091,,,,,,,,
55091,55011,55033,55035,,,,,,,
55063,55053,55081,55121,,,,,,,
27093,,,,,,,,,,
27069,38067,,,,,,,,,
38067,38019,38099,,,,,,,,
46039,27081,46011,46029,46057,,,,,,
55007,55113,55129,,,,,,,,
27081,27083,27117,46011,46101,,,,,,
27083,27117,,,,,,,,,
27117,46011,46101,,,,,,,,
46011,46057,46077,46079,46101,,,,,,
46101,46079,,,,,,,,,
38035,38063,38091,38097,38099,,,,,,
38099,38019,38063,38071,,,,,,,
38097,38091,,,,,,,,,
27125,,,,,,,,,,
55011,55035,55121,,,,,,,,
55109,55005,55033,,,,,,,,
55121,55035,55053,,,,,,,,
28037,28085,,,,,,,,,
28003,28117,28139,47069,47109,,,,,,
28117,28081,28139,28145,,,,,,,
28139,28009,28145,47069,,,,,,,
47069,28009,47023,47047,47075,47109,47113,,,,
47109,47023,,,,,,,,,
28085,28029,28077,,,,,,,,
28007,28015,28019,28051,28079,28089,28097,28099,28159,28163,
28015,28043,28051,28083,28097,,,,,,
28019,28097,28105,28155,28159,,,,,,
28051,28053,28083,28089,28163,,,,,,
28079,28089,28099,28101,28123,28159,,,,,
28089,28049,28121,28123,28163,,,,,,
28097,28043,28155,,,,,,,,
28099,28101,28159,,,,,,,,
28159,28105,,,,,,,,,
28163,28049,28053,28125,,,,,,,
28009,28093,28145,47047,,,,,,,
28093,28071,28137,28145,47047,,,,,,
28145,28071,28081,28115,,,,,,,
47047,47075,,,,,,,,,
28133,28053,28083,28135,,,,,,,
28013,28017,28043,28071,28115,28155,28161,,,,
28017,28025,28081,28115,28155,,,,,,
28043,28083,28135,28155,28161,,,,,,
28071,28107,28115,28137,28161,,,,,,
28115,28081,,,,,,,,,
28155,28025,28105,,,,,,,,
28161,28107,28135,,,,,,,,
28083,28053,28135,,,,,,,,
28025,28105,,,,,,,,,
28081,,,,,,,,,,
28105,,,,,,,,,,
28029,28049,28077,28121,28127,,,,,,
28049,28121,28127,,,,,,,,
28061,28067,28101,28123,28129,,,,,,
28101,28123,28129,,,,,,,,
28119,28107,28135,,,,,,,,
28135,28107,,,,,,,,,
28077,28065,28127,,,,,,,,
28121,28123,28127,28129,,,,,,,
28127,28031,28065,28129,,,,,,,
28031,28035,28065,28067,28073,28129,,,,,
28035,28067,28073,28111,28131,,,,,,
28065,28073,,,,,,,,,
28067,28111,28129,,,,,,,,
28073,,,,,,,,,,
28129,28123,,,,,,,,,
28137,28107,,,,,,,,,
28111,28131,,,,,,,,,
28131,,,,,,,,,,
28053,28125,,,,,,,,,
28125,,,,,,,,,,
28123,,,,,,,,,,
28107,,,,,,,,,,
29001,29103,29115,29121,29211,,,,,,
29103,29121,29205,,,,,,,,
29115,29041,29079,29117,29121,29211,,,,,
29121,29041,29137,29175,29205,,,,,,
29211,29079,,,,,,,,,
29063,29025,29049,29061,29075,,,,,,
29075,29061,,,,,,,,,
31127,31097,,,,,,,,,
29007,29019,29027,29137,29139,29175,,,,,
29019,29027,29051,29053,29089,29135,29175,,,,
29027,29051,29139,29151,,,,,,,
29137,29175,29205,,,,,,,,
29139,29073,29151,29219,,,,,,,
29175,29041,29089,,,,,,,,
29109,29043,29057,29077,,,,,,,
29039,29057,29167,29185,,,,,,,
29057,29077,29167,,,,,,,,
29083,29015,29101,29159,29185,,,,,,
29185,29015,29085,29167,,,,,,,
29015,29029,29085,29141,29159,,,,,,
29029,29059,29085,29105,29131,29141,29169,,,,
29085,29059,29167,,,,,,,,
29141,29053,29131,29135,29159,,,,,,
29159,29053,29101,29107,29195,,,,,,
29017,29123,29207,29223,,,,,,,
29123,29093,29187,29223,,,,,,,
29207,29223,,,,,,,,,
29223,29035,29093,29179,,,,,,,
29051,29131,29135,29151,,,,,,,
29053,29089,29135,29195,,,,,,,
29089,29041,29195,,,,,,,,
29135,29131,,,,,,,,,
29049,29025,29177,,,,,,,,
29035,29179,29203,,,,,,,,
29025,29033,29061,29117,29177,,,,,,
29033,29041,29107,29117,29177,29195,,,,,
29061,29079,29117,,,,,,,,
29117,29041,29079,,,,,,,,
29177,29107,,,,,,,,,
29151,29073,29125,29131,,,,,,,
29059,29077,29105,29167,29225,,,,,,
29105,29169,29215,29225,29229,,,,,,
29131,29125,29169,,,,,,,,
29169,29125,29161,29215,,,,,,,
29041,29195,,,,,,,,,
29107,29101,29195,,,,,,,,
29195,,,,,,,,,,
29179,29065,29093,29203,,,,,,,
29203,29065,29215,,,,,,,,
29101,,,,,,,,,,
29167,29077,,,,,,,,,
29043,29067,29077,29225,,,,,,,
29067,29215,29225,29229,,,,,,,
29077,29225,,,,,,,,,
29225,29229,,,,,,,,,
29055,29065,29071,29073,29093,29161,29221,,,,
29065,29093,29161,29215,,,,,,,
29071,29073,29219,29221,,,,,,,
29073,29125,29161,29219,,,,,,,
29093,29187,29221,,,,,,,,
29161,29125,29215,,,,,,,,
29221,29187,,,,,,,,,
29079,,,,,,,,,,
29215,29229,,,,,,,,,
29229,,,,,,,,,,
29219,,,,,,,,,,
29125,,,,,,,,,,
29187,,,,,,,,,,
29205,,,,,,,,,,
30023,30039,30043,30077,30093,,,,,,
30093,30043,,,,,,,,,
30003,30009,30075,30087,30103,30111,56003,56033,,,
30009,30067,30095,30111,56003,56029,,,,,
30075,30011,30017,30087,56005,56011,56033,,,,
30087,30017,30033,30065,30069,30103,30111,,,,
30103,30111,,,,,,,,,
30111,30037,30065,30095,,,,,,,
56003,56019,56029,56033,56043,,,,,,
56033,56005,56019,,,,,,,,
30005,30015,30027,30041,30071,,,,,,
30015,30013,30027,30041,30045,30051,30073,30099,,,
30027,30037,30045,30065,30069,30071,30107,,,,
30041,30051,,,,,,,,,
30071,30033,30069,30105,,,,,,,
30007,30043,30049,30059,,,,,,,
30043,30049,30077,,,,,,,,
30049,30013,30029,30059,30077,30099,,,,,
30059,30013,30045,30067,30097,30107,,,,,
30067,30095,30097,56029,,,,,,,
30095,30037,30097,,,,,,,,
56029,56013,56017,56043,,,,,,,
30011,30017,30025,46019,46063,56011,,,,,
30017,30025,30033,30079,,,,,,,
30025,30079,30109,38011,38033,38087,46063,,,,
46019,46063,46081,46093,46105,56011,,,,,
46063,38001,38011,46105,,,,,,,
56011,46081,56005,56045,,,,,,,
30013,30045,30099,,,,,,,,
30045,30107,,,,,,,,,
30099,30029,30073,,,,,,,,
30051,30073,30101,,,,,,,,
30073,30029,30035,30101,,,,,,,
30033,30055,30069,30079,30105,,,,,,
30079,30021,30055,30109,,,,,,,
30019,30085,30091,30105,,,,,,,
30085,30055,30083,30091,30105,38053,38105,,,,
30091,38023,38105,,,,,,,,
30105,30055,,,,,,,,,
30021,30055,30083,30109,,,,,,,
30055,30083,,,,,,,,,
30083,30109,38053,38105,,,,,,,
30109,38033,38053,,,,,,,,
30039,30077,,,,,,,,,
30077,30029,,,,,,,,,
38011,38001,38087,,,,,,,,
38033,38007,38053,38087,,,,,,,
38087,38001,38007,38041,38089,,,,,,
30037,30065,30097,30107,,,,,,,
30065,30069,,,,,,,,,
30069,,,,,,,,,,
30107,30097,,,,,,,,,
30029,30035,30047,,,,,,,,
30035,30101,,,,,,,,,
30047,,,,,,,,,,
30101,,,,,,,,,,
30097,,,,,,,,,,
56005,56009,56019,56045,,,,,,,
38053,38007,38025,38061,38105,,,,,,
38105,38013,38023,38061,,,,,,,
38023,38013,,,,,,,,,
31001,31019,31035,31079,31081,31099,,,,,
31019,31041,31047,31079,31093,31099,31137,31163,,,
31035,31059,31081,31185,,,,,,,
31079,31081,31093,31121,,,,,,,
31081,31121,31143,31185,,,,,,,
31099,31137,,,,,,,,,
31003,31011,31089,31107,31119,31139,31183,,,,
31011,31077,31119,31125,31141,31183,,,,,
31089,31015,31071,31103,31107,31115,31149,31183,,,
31107,31015,31027,31139,46009,46023,46135,,,,
31119,31139,31141,31167,31179,,,,,,
31139,31027,31167,31179,,,,,,,
31183,31071,31077,31175,,,,,,,
31005,31069,31075,31091,31101,31117,,,,,
31069,31075,31101,31123,31161,,,,,,
31075,31031,31091,31161,,,,,,,
31091,31031,31117,31171,,,,,,,
31101,31111,31117,,,,,,,,
31117,31111,31113,31171,,,,,,,
31007,31123,31157,56015,,,,,,,
31123,31013,31157,31161,,,,,,,
31157,31013,31165,56015,,,,,,,
56015,31165,56027,56031,,,,,,,
31009,31017,31031,31041,31113,31115,31171,,,,
31017,31031,31103,31115,31149,,,,,,
31031,31103,31161,31171,46007,46102,46121,46123,,,
31041,31047,31071,31111,31113,31115,31163,31175,,,
31113,31111,31171,,,,,,,,
31115,31071,31149,,,,,,,,
31171,,,,,,,,,,
31077,31093,31125,31163,31175,,,,,,
31125,31093,31121,31141,,,,,,,
31141,31023,31037,31121,31143,31167,,,,,
31013,31045,31161,31165,,,,,,,
31045,31161,31165,46047,46102,,,,,,
31161,46102,,,,,,,,,
31165,46047,56027,,,,,,,,
31015,31103,31149,46023,46053,,,,,,
31103,31149,46053,46121,46123,,,,,,
31149,,,,,,,,,,
46023,46003,46009,46015,46043,46053,46067,46085,,,
46053,46085,46123,,,,,,,,
31047,31063,31073,31111,31137,,,,,,
31093,31121,31163,,,,,,,,
31137,31073,,,,,,,,,
31163,31175,,,,,,,,,
31039,31037,31053,31167,31179,,,,,,
31053,31023,31037,31155,,,,,,,
31023,31037,31109,31143,31155,31159,31185,,,,
31037,31167,,,,,,,,,
31109,31097,31151,31155,31159,,,,,,
31143,31121,31159,31185,,,,,,,
31155,,,,,,,,,,
31159,31059,31151,31185,,,,,,,
31185,31059,31151,,,,,,,,
31027,31051,31179,46027,46135,,,,,,
31051,31179,46027,,,,,,,,
31179,31167,,,,,,,,,
46027,46125,46135,,,,,,,,
46135,46009,46067,46125,,,,,,,
31085,31063,31111,,,,,,,,
46007,46071,46095,46102,46121,,,,,,
46102,46033,46047,46071,46103,,,,,,
46121,46071,46095,46123,,,,,,,
46123,46085,46095,,,,,,,,
31059,31151,,,,,,,,,
31167,,,,,,,,,,
31071,31175,,,,,,,,,
31111,31063,,,,,,,,,
31175,,,,,,,,,,
46047,46033,56027,,,,,,,,
31063,31073,,,,,,,,,
31073,,,,,,,,,,
31151,,,,,,,,,,
31097,,,,,,,,,,
31121,,,,,,,,,,
46009,46067,,,,,,,,,
56027,46033,56009,56031,56045,,,,,,
32001,32015,32027,,,,,,,,
32015,32011,32027,,,,,,,,
32027,,,,,,,,,,
32011,32033,,,,,,,,,
32033,49023,49027,49045,,,,,,,
49045,49011,49023,49035,49049,49057,,,,,
41025,41013,41017,41023,,,,,,,
49001,49017,49021,49027,49031,49041,,,,,
49021,49017,,,,,,,,,
49027,49023,49039,49041,,,,,,,
32029,,,,,,,,,,
49023,49039,49049,,,,,,,,
33001,33009,33013,,,,,,,,
33009,33013,33019,50005,50009,50017,50027,,,,
33013,33019,,,,,,,,,
33019,50027,,,,,,,,,
50009,50005,50019,,,,,,,,
50005,50015,50017,50019,50023,,,,,,
50017,50001,50023,50027,,,,,,,
50027,50001,50021,,,,,,,,
34001,34005,34007,34029,,,,,,,
34005,34007,34021,34025,34029,42017,42101,,,,
34007,42101,,,,,,,,,
34029,34025,,,,,,,,,
34003,34013,34017,34031,36005,36061,36087,,,,
34013,34017,34027,34031,34039,,,,,,
34017,34039,36047,36061,36085,,,,,,
34031,34027,34037,36071,36087,,,,,,
36005,36061,36081,,,,,,,,
36061,36047,36081,,,,,,,,
36087,36071,,,,,,,,,
34021,34019,34023,34025,34035,42017,,,,,
34025,34023,36081,36085,,,,,,,
42017,34019,34041,42077,42091,42095,42101,,,,
42101,42091,,,,,,,,,
34027,34019,34035,34037,34039,34041,,,,,
34039,34023,34035,36085,,,,,,,
36047,36081,36085,,,,,,,,
36085,34023,36081,,,,,,,,
34019,34035,34041,,,,,,,,
34035,34023,,,,,,,,,
34041,34037,42089,42095,,,,,,,
34023,,,,,,,,,,
36081,,,,,,,,,,
34037,36071,42089,42103,,,,,,,
36071,36105,36111,42103,,,,,,,
42089,42025,42069,42079,42095,42103,42127,,,,
42103,36105,42127,,,,,,,,
42095,42025,42077,,,,,,,,
35001,35043,35049,35057,35061,,,,,,
35043,35028,35049,,,,,,,,
35049,35028,35033,35047,35057,,,,,,
35057,35019,35027,35047,35053,35061,,,,,
35061,35053,,,,,,,,,
35051,35013,35027,35029,35035,35053,,,,,
35053,35027,,,,,,,,,
35005,35011,35015,35025,35027,35035,35041,,,,
35011,35019,35027,35037,35041,,,,,,
35015,35025,35035,48109,48301,48389,,,,,
35025,35041,48003,48079,48165,48301,48495,48501,,,
35027,35019,35035,,,,,,,,
35035,35013,48109,48141,48229,,,,,,
35041,35009,35037,48017,48079,,,,,,
35021,35033,35037,35047,,,,,,,
35033,35047,,,,,,,,,
35009,35037,48017,48117,48369,,,,,,
35037,35019,35047,48117,48205,48359,,,,,
48017,48079,48219,48279,48369,,,,,,
48117,48069,48359,48369,48375,48381,,,,,
48369,48069,48279,,,,,,,,
35019,35047,,,,,,,,,
35013,35029,48141,,,,,,,,
35029,,,,,,,,,,
48141,48229,,,,,,,,,
48109,48229,48243,48389,,,,,,,
48301,48389,48475,48495,,,,,,,
48389,48243,48371,48475,,,,,,,
35047,,,,,,,,,,
48003,48135,48165,48317,48329,48495,,,,,
48079,48219,48279,48445,48501,,,,,,
48165,48115,48317,48445,48501,,,,,,
48495,48135,48475,,,,,,,,
48501,48219,48445,,,,,,,,
35028,,,,,,,,,,
48229,48243,48377,,,,,,,,
48205,48111,48341,48359,48421,,,,,,
48359,48341,48375,48381,,,,,,,
48111,48341,48421,,,,,,,,
36001,36039,36091,36093,36095,,,,,,
36039,36025,36095,36111,,,,,,,
36091,36035,36041,36057,36093,36113,36115,,,,
36093,36057,36095,,,,,,,,
36095,36025,36057,36077,,,,,,,
36003,36009,36051,36101,36121,42083,42105,,,,
36009,36013,36029,36121,42083,42123,,,,,
36051,36037,36055,36069,36101,36121,,,,,
36101,36015,36069,36097,36123,42105,42117,,,,
36121,36029,36037,,,,,,,,
42083,42023,42047,42105,42123,,,,,,
42105,42023,42035,42081,42117,,,,,,
36007,36017,36023,36025,36107,42115,42127,,,,
36017,36023,36025,36053,36077,,,,,,
36023,36011,36053,36067,36107,36109,,,,,
36025,36077,36105,36111,42127,,,,,,
36107,36015,36109,42015,42115,,,,,,
42115,42015,42069,42127,42131,,,,,,
42127,36105,42069,,,,,,,,
36013,36029,42049,42123,,,,,,,
36029,36037,36063,,,,,,,,
42123,42039,42047,42049,42053,42121,,,,,
36011,36045,36067,36075,36099,36109,36117,,,,
36045,36049,36075,36089,,,,,,,
36067,36053,36075,,,,,,,,
36075,36049,36053,36065,,,,,,,
36099,36069,36097,36109,36117,36123,,,,,
36109,36015,36097,,,,,,,,
36117,36055,36069,,,,,,,,
42049,39007,42039,,,,,,,,
36015,36097,42015,42117,,,,,,,
36097,36123,,,,,,,,,
42015,42081,42113,42117,42131,,,,,,
42117,42081,,,,,,,,,
36053,36065,36077,,,,,,,,
36077,36043,36057,36065,,,,,,,
36019,36031,36033,50007,50013,,,,,,
36031,36033,36041,36113,36115,50001,50007,,,,
36033,36041,36089,,,,,,,,
50007,50001,50011,50013,50015,50023,,,,,
50013,50011,,,,,,,,,
36111,36105,,,,,,,,,
36105,,,,,,,,,,
36037,36055,36063,36073,,,,,,,
36063,36073,,,,,,,,,
36041,36035,36043,36089,36113,,,,,,
36113,36115,,,,,,,,,
36115,50001,50021,,,,,,,,
50001,50021,50023,,,,,,,,
36089,36043,36049,,,,,,,,
36035,36043,36057,,,,,,,,
36043,36049,36057,36065,,,,,,,
36057,,,,,,,,,,
36055,36069,36073,,,,,,,,
36073,,,,,,,,,,
36049,36065,,,,,,,,,
36065,,,,,,,,,,
36069,36123,,,,,,,,,
36123,,,,,,,,,,
50021,,,,,,,,,,
37001,37033,37037,37081,37135,37151,37157,,,,
37033,37135,37145,37157,51083,51143,51590,,,,
37037,37063,37085,37105,37125,37135,37151,37183,,,
37081,37057,37067,37151,37157,37169,,,,,
37135,37063,37145,,,,,,,,
37151,37057,37123,37125,,,,,,,
37157,37067,37169,51089,51143,,,,,,
37003,37027,37035,37097,37193,,,,,,
37027,37011,37023,37035,37189,37193,,,,,
37035,37023,37097,37109,,,,,,,
37097,37025,37059,37109,37119,37159,37193,37197,,,
37193,37005,37009,37171,37189,37197,,,,,
37005,37009,37171,51077,,,,,,,
37009,37189,47091,51077,,,,,,,
37171,37067,37169,37197,51035,51077,51141,,,,
51077,47091,51035,51173,51191,51197,51640,,,,
37007,37123,37153,37167,37179,45025,45069,,,,
37123,37057,37125,37153,37159,37167,,,,,
37153,37093,37125,37165,37167,45025,45069,,,,
37167,37025,37057,37159,37179,,,,,,
37179,37025,37119,45025,45057,,,,,,
45025,45031,45055,45057,45069,,,,,,
45069,37155,37165,45031,45033,45041,,,,,
37189,37011,47091,,,,,,,,
47091,37011,47019,47163,51191,,,,,,
37011,37023,37111,37121,47019,,,,,,
37023,37045,37109,37111,37161,,,,,,
37111,37021,37121,37161,37199,,,,,,
37121,37199,47019,47171,,,,,,,
47019,47163,47171,47179,,,,,,,
37013,37049,37095,37117,37137,37147,37187,,,,
37049,37031,37103,37107,37137,37147,,,,,
37095,37031,37055,37137,37177,37187,,,,,
37117,37015,37065,37083,37147,37187,,,,,
37137,37031,,,,,,,,,
37147,37065,37079,37107,37195,,,,,,
37187,37015,37041,37143,37177,,,,,,
37015,37041,37083,37091,37131,,,,,,
37041,37073,37091,37143,,,,,,,
37083,37065,37069,37127,37131,37185,,,,,
37091,37073,37131,51175,,,,,,,
37131,37185,51025,51081,51175,,,,,,
37017,37047,37051,37141,37155,37163,,,,,
37047,37019,37141,37155,45033,45051,,,,,
37051,37085,37093,37125,37155,37163,,,,,
37141,37019,37061,37129,37133,37163,,,,,
37155,37093,37165,45033,45051,,,,,,
37163,37061,37085,37101,37191,,,,,,
37019,37129,45051,,,,,,,,
37129,,,,,,,,,,
45051,45033,45043,45067,,,,,,,
37021,37087,37089,37115,37161,37175,37199,,,,
37087,37089,37099,37115,37173,37175,47029,47155,,,
37089,37149,37161,37175,45045,,,,,,
37115,37199,47029,47059,47171,,,,,,
37161,37045,37149,45021,45083,,,,,,
37175,37099,45045,45077,,,,,,,
37199,47171,,,,,,,,,
37045,37071,37109,45021,45091,,,,,,
37109,37071,37119,,,,,,,,
37025,37119,37159,,,,,,,,
37119,37071,45057,45091,,,,,,,
37159,37057,37059,,,,,,,,
37029,37053,37073,37139,37177,51550,51800,,,,
37053,37055,37177,51550,51810,,,,,,
37073,37139,37143,51175,51800,,,,,,
37139,37143,37177,,,,,,,,
37177,37055,37143,,,,,,,,
51550,51710,51740,51800,51810,,,,,,
51800,51093,51175,51700,51740,,,,,,
37031,37103,37133,,,,,,,,
37103,37061,37107,37133,,,,,,,
37133,37061,,,,,,,,,
37145,37063,37077,51083,,,,,,,
51083,37077,51031,51037,51117,51143,,,,,
51143,51019,51031,51067,51089,51590,,,,,
51590,,,,,,,,,,
37063,37077,37183,,,,,,,,
37085,37101,37105,37125,37183,,,,,,
37105,37125,,,,,,,,,
37125,37093,37165,,,,,,,,
37183,37069,37077,37101,37127,,,,,,
37075,37173,47009,47123,,,,,,,
47123,47009,47105,47107,,,,,,,
37143,,,,,,,,,,
37071,45091,,,,,,,,,
45021,45083,45087,45091,,,,,,,
45091,45023,45057,45087,,,,,,,
45033,45041,45067,,,,,,,,
37107,37061,37079,37191,,,,,,,
37093,37165,,,,,,,,,
37055,,,,,,,,,,
51810,51131,51650,51710,,,,,,,
37057,37059,37067,,,,,,,,
37059,37067,37197,,,,,,,,
37067,37169,37197,,,,,,,,
37197,,,,,,,,,,
37061,37191,,,,,,,,,
37191,37079,37101,37195,,,,,,,
37077,37069,37181,51117,,,,,,,
37065,37127,37195,,,,,,,,
37127,37069,37101,37185,37195,,,,,,
37195,37079,37101,,,,,,,,
37169,51089,51141,,,,,,,,
37069,37101,37181,37185,,,,,,,
37101,,,,,,,,,,
37181,37185,51117,,,,,,,,
37185,51025,51117,,,,,,,,
51175,51081,51093,51181,51183,51620,,,,,
37173,37099,47009,47155,,,,,,,
47009,47093,47105,47155,,,,,,,
51117,51025,51037,51111,,,,,,,
37079,,,,,,,,,,
37099,,,,,,,,,,
47029,47059,47063,47089,47155,,,,,,
47155,47089,47093,,,,,,,,
37149,45045,45083,,,,,,,,
45045,45059,45077,45083,,,,,,,
37165,,,,,,,,,,
47059,47063,47073,47171,47179,,,,,,
47171,47179,,,,,,,,,
45057,45023,45039,45055,,,,,,,
51025,51053,51081,51111,51135,,,,,,
51081,51053,51183,51595,,,,,,,
45083,45059,45087,,,,,,,,
51089,51067,51141,51690,,,,,,,
51141,51035,51063,51067,,,,,,,
51035,51063,51155,51197,51640,,,,,,
45077,,,,,,,,,,
38001,38037,38041,38085,46031,46105,,,,,
38037,38041,38059,38085,38089,,,,,,
38041,38089,,,,,,,,,
38085,38029,38059,46031,,,,,,,
46031,38029,46021,46041,46105,46129,46137,,,,
46105,46093,46137,,,,,,,,
38003,38039,38045,38073,38091,38093,,,,,
38039,38027,38031,38063,38091,38093,,,,,
38045,38021,38047,38051,38073,38093,,,,,
38073,38021,38081,,,,,,,,
38091,38063,,,,,,,,,
38093,38031,38043,38047,38103,,,,,,
38005,38027,38063,38069,38071,38095,38103,,,,
38027,38031,38063,38103,,,,,,,
38063,38071,,,,,,,,,
38069,38009,38049,38079,38083,38095,38103,,,,
38071,38019,38095,,,,,,,,
38095,38019,38079,,,,,,,,
38103,38031,38043,38083,,,,,,,
38007,38025,38089,,,,,,,,
38025,38055,38057,38061,38089,,,,,,
38089,38057,38059,,,,,,,,
38009,38049,38075,38079,,,,,,,
38049,38055,38075,38083,38101,,,,,,
38075,38013,38101,,,,,,,,
38079,,,,,,,,,,
38013,38061,38101,,,,,,,,
38061,38055,38101,,,,,,,,
38101,38055,,,,,,,,,
38015,38029,38043,38055,38059,38065,38083,,,,
38029,38043,38047,38051,38059,46021,,,,,
38043,38047,38083,,,,,,,,
38055,38057,38065,38083,,,,,,,
38059,38057,38065,,,,,,,,
38065,38057,,,,,,,,,
38083,,,,,,,,,,
38019,,,,,,,,,,
38021,38051,38081,46013,46089,,,,,,
38051,38047,46021,46089,,,,,,,
38081,46013,46091,,,,,,,,
46013,46037,46045,46049,46089,46091,46115,,,,
46089,46021,46045,46129,,,,,,,
38057,,,,,,,,,,
38031,,,,,,,,,,
38047,,,,,,,,,,
46021,46129,,,,,,,,,
46091,46037,,,,,,,,,
39071,39027,39047,39131,39141,,,,,,
39131,39079,39141,,,,,,,,
39003,39011,39063,39065,39137,,,,,,
39011,39065,39091,39149,,,,,,,
39063,39065,39069,39137,39147,39173,39175,,,,
39065,39091,39101,39159,39175,,,,,,
39137,39069,39173,,,,,,,,
39005,39075,39077,39083,39093,39103,39139,39169,,,
39075,39031,39083,39151,39157,39169,,,,,
39077,39033,39043,39093,39139,39143,39147,,,,
39083,39031,39041,39089,39117,39139,,,,,
39093,39035,39043,39103,,,,,,,
39103,39035,39153,39169,,,,,,,
39139,39033,39117,,,,,,,,
39169,39151,39153,,,,,,,,
39007,39055,39085,39155,42039,,,,,,
39055,39035,39085,39133,39153,39155,,,,,
39085,39035,,,,,,,,,
39155,39099,39133,42039,42085,,,,,,
42039,42085,42121,,,,,,,,
39009,39073,39105,39115,39127,39163,39167,54107,,,
39073,39045,39127,39129,39141,39163,,,,,
39105,39053,39163,54035,54053,54107,,,,,
39115,39119,39121,39127,39167,,,,,,
39127,39045,39089,39119,,,,,,,
39163,39053,39079,39141,,,,,,,
39167,39111,39121,54073,54095,54107,,,,,
54107,54035,54073,54085,54105,,,,,,
39091,39021,39149,39159,,,,,,,
39149,39021,39109,,,,,,,,
39013,39059,39067,39081,39111,39121,54051,54069,,,
39059,39031,39067,39119,39121,39157,,,,,
39067,39019,39081,39157,,,,,,,
39081,39019,39029,54009,54029,54069,,,,,
39111,39121,54051,54095,54103,,,,,,
39121,39119,,,,,,,,,
54051,42059,42125,54069,54103,,,,,,
54069,42125,54009,,,,,,,,
39027,39047,39057,39165,,,,,,,
39113,39023,39057,39109,39165,,,,,,
39165,39057,,,,,,,,,
39019,39029,39151,39157,,,,,,,
39029,39099,39151,42007,42073,54029,,,,,
39151,39099,39133,39153,39157,,,,,,
39157,39031,,,,,,,,,
39021,39023,39097,39109,39159,,,,,,
39023,39057,39097,39109,,,,,,,
39097,39047,39049,39057,39129,39159,,,,,
39109,,,,,,,,,,
39159,39041,39049,39101,,,,,,,
39057,39047,,,,,,,,,
39047,39129,39141,,,,,,,,
39099,39133,42073,42085,,,,,,,
42007,42003,42019,42073,42125,54029,,,,,
42073,42019,42085,,,,,,,,
54029,42125,54009,,,,,,,,
39031,39089,39119,,,,,,,,
39089,39041,39045,39049,39119,,,,,,
39119,,,,,,,,,,
39033,39101,39117,39147,39175,,,,,,
39101,39041,39117,39175,,,,,,,
39117,39041,,,,,,,,,
39147,39143,39173,39175,,,,,,,
39175,,,,,,,,,,
39035,39133,39153,,,,,,,,
39133,39153,,,,,,,,,
39153,,,,,,,,,,
39069,39173,,,,,,,,,
39041,39049,,,,,,,,,
39049,39045,39129,,,,,,,,
39043,39123,39143,,,,,,,,
39123,39143,39173,,,,,,,,
39143,39173,,,,,,,,,
39045,39129,,,,,,,,,
39129,39141,,,,,,,,,
39141,39079,,,,,,,,,
39053,39079,54011,54053,,,,,,,
39079,,,,,,,,,,
54011,54043,54053,54079,,,,,,,
54053,54035,54079,,,,,,,,
39173,,,,,,,,,,
54009,42125,,,,,,,,,
42085,42019,42121,,,,,,,,
54035,54039,54079,54087,54105,,,,,,
54095,54017,54073,54085,54103,,,,,,
54103,42059,54017,54033,54049,54061,,,,,
54073,54085,,,,,,,,,
40021,40097,40101,40145,,,,,,,
40047,40073,40083,40093,40103,,,,,,
40093,40011,40043,40073,40153,,,,,,
40005,40013,40023,40029,40069,40121,40127,,,,
40013,40023,40069,40095,48147,48181,48277,,,,
40023,40127,48277,48387,,,,,,,
40029,40063,40069,40121,40123,,,,,,
40069,40019,40095,40099,40123,,,,,,
40121,40061,40063,40077,40091,40127,,,,,
40127,40077,,,,,,,,,
40045,40043,40129,40153,48211,48295,,,,,
48295,48211,48357,48393,,,,,,,
48357,48195,48393,,,,,,,,
40009,40039,40055,40057,40075,40129,40149,48087,48483,,
40039,40011,40015,40043,40129,40149,,,,,
40055,40057,40065,40075,,,,,,,
40057,40065,48075,48087,48197,,,,,,
40075,40015,40031,40065,40141,40149,,,,,
40129,40043,48211,48483,,,,,,,
40149,40015,,,,,,,,,
48087,48075,48129,48179,48191,48483,,,,,
48483,48129,48179,48211,48393,,,,,,
40011,40015,40017,40043,40073,,,,,,
40015,40017,40031,40051,,,,,,,
40017,40027,40051,40073,40083,40087,40109,,,,
40043,40153,,,,,,,,,
40073,40083,40109,,,,,,,,
40095,40019,40085,48181,,,,,,,
48147,48085,48119,48181,48231,48277,,,,,
48181,40085,48085,48097,48121,,,,,,
48277,48119,48387,,,,,,,,
40031,40033,40051,40137,40141,,,,,,
40051,40049,40087,40137,,,,,,,
40027,40087,40109,40125,,,,,,,
40083,40081,40103,40109,40119,,,,,,
40087,40049,40123,40125,,,,,,,
40109,40081,40125,,,,,,,,
40019,40049,40067,40085,40099,40137,,,,,
40049,40099,40123,40137,,,,,,,
40067,40033,40085,40137,48077,48337,,,,,
40085,48097,48337,,,,,,,,
40099,40123,,,,,,,,,
40137,40033,,,,,,,,,
40097,40131,40145,,,,,,,,
40101,40061,40091,40111,40145,,,,,,
40145,40111,40131,40143,,,,,,,
48387,48119,48159,48343,48449,,,,,,
48421,48195,48233,48341,,,,,,,
40125,40081,40107,40123,40133,,,,,,
40063,40091,40107,40123,40133,,,,,,
40123,40133,,,,,,,,,
40033,40141,48077,48485,,,,,,,
40141,40065,48485,48487,,,,,,,
48077,48009,48237,48337,48485,,,,,,
48485,48009,48023,48487,,,,,,,
40131,40143,,,,,,,,,
40037,40081,40107,40111,40117,40119,40143,,,,
40081,40107,40119,,,,,,,,
40107,40091,40111,40133,,,,,,,
40111,40091,40143,,,,,,,,
40117,40103,40119,40143,,,,,,,
40119,40103,,,,,,,,,
40143,,,,,,,,,,
40153,,,,,,,,,,
48211,48179,48393,,,,,,,,
40103,,,,,,,,,,
40065,48197,48487,,,,,,,,
48075,48101,48191,48197,,,,,,,
48197,48101,48155,48487,,,,,,,
40061,40077,40091,,,,,,,,
40077,,,,,,,,,,
40091,,,,,,,,,,
40133,,,,,,,,,,
48487,48009,48023,48155,,,,,,,
48337,48097,48237,48497,,,,,,,
48097,48121,48497,,,,,,,,
48195,48233,48341,48393,,,,,,,
41023,41013,41049,41059,41061,41069,,,,,
41061,41059,,,,,,,,,
41003,41039,41041,41043,41053,,,,,,
41039,41017,41019,41041,41043,,,,,,
41041,41053,41057,,,,,,,,
41043,41017,41031,41047,41053,,,,,,
41053,41047,41057,41071,,,,,,,
41005,41027,41047,41051,41065,41067,41071,,,,
41027,41051,41065,53039,53059,,,,,,
41047,41031,41065,41071,,,,,,,
41051,41009,41067,53011,53059,,,,,,
41065,41021,41031,41055,41069,53039,,,,,
41067,41007,41009,41057,41071,,,,,,
41071,41057,,,,,,,,,
41007,41009,41057,53049,53069,,,,,,
41009,41057,53011,53015,53069,,,,,,
41057,,,,,,,,,,
53049,53027,53041,53069,,,,,,,
53069,53015,53041,,,,,,,,
53011,53015,53059,,,,,,,,
53015,53041,53059,,,,,,,,
41011,41019,,,,,,,,,
41019,,,,,,,,,,
41013,41017,41031,41069,,,,,,,
41017,41031,,,,,,,,,
41031,41069,,,,,,,,,
41069,41021,41049,,,,,,,,
41021,41049,41055,53039,,,,,,,
41049,41059,53005,53039,,,,,,,
41055,53039,,,,,,,,,
53039,53005,53059,53077,,,,,,,
41059,53005,53013,53071,,,,,,,
53059,53041,53077,,,,,,,,
53005,53021,53025,53071,53077,,,,,,
53013,53021,53023,53071,,,,,,,
53071,53021,,,,,,,,,
53023,,,,,,,,,,
42041,42043,42099,,,,,,,,
42003,42005,42019,42125,42129,,,,,,
42005,42019,42031,42063,42065,42129,,,,,
42019,42031,42121,,,,,,,,
42125,42059,42129,,,,,,,,
42129,42021,42063,,,,,,,,
42031,42053,42065,42121,,,,,,,
42063,42021,42033,42065,,,,,,,
42065,42033,42047,42053,,,,,,,
42013,42021,42027,42033,42061,,,,,,
42021,42033,,,,,,,,,
42061,42027,42067,42087,,,,,,,
42011,42075,42077,42091,42107,,,,,,
42075,42043,42107,,,,,,,,
42077,42025,42091,42107,,,,,,,
42091,,,,,,,,,,
42107,42025,42037,42043,42079,42097,,,,,
42027,42033,42035,42087,42119,,,,,,
42033,42023,42035,42047,,,,,,,
42081,42035,42037,42093,42097,42113,42119,,,,
42113,42037,42079,42131,,,,,,,
42131,42069,42079,,,,,,,,
42121,42053,,,,,,,,,
42023,42035,42047,,,,,,,,
42035,42119,,,,,,,,,
42047,42053,,,,,,,,,
42025,42079,,,,,,,,,
42079,42037,42069,,,,,,,,
42087,42067,42109,42119,,,,,,,
42119,42097,42109,,,,,,,,
42053,,,,,,,,,,
42037,42093,42097,,,,,,,,
42093,42097,,,,,,,,,
42097,42043,42067,42099,42109,,,,,,
42043,42067,42099,,,,,,,,
42099,42067,,,,,,,,,
42067,42109,,,,,,,,,
42059,54061,,,,,,,,,
54061,54049,54091,,,,,,,,
42109,,,,,,,,,,
42069,,,,,,,,,,
45047,45059,45071,45081,,,,,,,
45059,45071,45087,,,,,,,,
45063,45017,45071,45075,45079,45081,,,,,
45075,45009,45015,45017,45027,45029,45035,,,,
45081,45071,,,,,,,,,
45009,45029,,,,,,,,,
45029,45013,45019,45035,,,,,,,
45013,,,,,,,,,,
45015,45019,45027,45035,45043,45089,,,,,
45019,45035,45043,,,,,,,,
45027,45017,45041,45085,45089,,,,,,
45035,,,,,,,,,,
45043,45067,45089,,,,,,,,
45089,45041,45067,,,,,,,,
45017,45079,45085,,,,,,,,
45079,45039,45055,45071,45085,,,,,,
45085,45041,45055,45061,,,,,,,
45087,45023,45039,45071,,,,,,,
45023,45039,,,,,,,,,
45039,45055,45071,,,,,,,,
45031,45041,45055,45061,,,,,,,
45055,45061,,,,,,,,,
45041,45061,45067,,,,,,,,
45061,,,,,,,,,,
45067,,,,,,,,,,
45071,,,,,,,,,,
46003,46015,46035,46043,46073,46111,,,,,
46015,46017,46073,46085,,,,,,,
46035,46043,46061,46067,46111,,,,,,
46043,46067,,,,,,,,,
46073,46005,46017,46059,46111,,,,,,
46111,46005,46061,46077,46097,,,,,,
46005,46025,46059,46077,46115,,,,,,
46025,46029,46037,46057,46077,46115,,,,,
46059,46017,46049,46069,46115,,,,,,
46077,46057,46079,46097,,,,,,,
46115,46037,46049,,,,,,,,
46071,46055,46075,46095,46103,,,,,,
46095,46075,46085,,,,,,,,
46067,46061,46087,46125,,,,,,,
46057,46029,,,,,,,,,
46079,46087,46097,,,,,,,,
46037,46029,,,,,,,,,
46045,46049,46107,46129,,,,,,,
46049,46069,46107,,,,,,,,
46017,46069,46085,,,,,,,,
46085,46065,46069,46075,46117,,,,,,
46069,46065,46107,46119,,,,,,,
46081,46093,46103,56045,,,,,,,
46093,46055,46103,46137,,,,,,,
46129,46041,46107,,,,,,,,
46029,,,,,,,,,,
46125,46087,,,,,,,,,
46041,46055,46107,46117,46119,46137,,,,,
46137,46055,46117,,,,,,,,
46033,46103,56045,,,,,,,,
46103,46055,56045,,,,,,,,
56045,56009,,,,,,,,,
46061,46087,46097,,,,,,,,
46055,46075,46117,,,,,,,,
46107,46119,,,,,,,,,
46117,46065,46075,46119,,,,,,,
46119,46065,,,,,,,,,
46075,,,,,,,,,,
46087,46097,,,,,,,,,
46097,,,,,,,,,,
46065,,,,,,,,,,
47001,47093,47129,47145,47173,,,,,,
47093,47057,47089,47105,47145,47173,,,,,
47129,47035,47049,47145,,,,,,,
47145,47035,47105,47107,47121,47143,,,,,
47173,47057,,,,,,,,,
47003,47031,47117,47127,47149,,,,,,
47031,47015,47061,47127,47149,47177,,,,,
47117,47119,47149,47187,,,,,,,
47127,,,,,,,,,,
47149,47015,47037,47187,47189,,,,,,
47005,47017,47039,47083,47085,47135,,,,,
47017,47039,47053,47077,47113,,,,,,
47039,47077,47135,,,,,,,,
47083,47043,47085,,,,,,,,
47085,47043,47081,47135,,,,,,,
47135,47081,47101,,,,,,,,
47007,47035,47143,47153,47175,,,,,,
47035,47049,47141,47143,47175,47185,,,,,
47143,47121,,,,,,,,,
47153,47061,47175,47177,,,,,,,
47175,47177,47185,,,,,,,,
47105,47107,,,,,,,,,
47107,47121,,,,,,,,,
47121,,,,,,,,,,
47015,47041,47177,47189,,,,,,,
47041,47141,47159,47177,47185,47189,,,,,
47177,47061,47185,,,,,,,,
47189,47037,47159,47169,,,,,,,
47053,47033,47113,,,,,,,,
47077,47023,47113,,,,,,,,
47113,47023,47033,47075,,,,,,,
47163,47073,47179,51169,51191,51520,,,,,
47179,47073,,,,,,,,,
47021,47037,47043,47187,,,,,,,
47037,47187,,,,,,,,,
47043,47081,47187,,,,,,,,
47187,47081,47119,,,,,,,,
47023,,,,,,,,,,
47057,47063,47067,47073,47089,,,,,,
47067,47073,51169,,,,,,,,
47087,47133,47141,47159,,,,,,,
47133,47049,47141,,,,,,,,
47063,47073,47089,,,,,,,,
47089,,,,,,,,,,
47061,,,,,,,,,,
47033,47075,,,,,,,,,
47075,,,,,,,,,,
47049,47141,,,,,,,,,
47141,47159,47185,,,,,,,,
47185,,,,,,,,,,
47159,47169,,,,,,,,,
47081,47101,47119,,,,,,,,
47119,47101,,,,,,,,,
47073,51169,,,,,,,,,
51169,51167,51191,,,,,,,,
47101,,,,,,,,,,
51191,51167,51173,51520,,,,,,,
47169,,,,,,,,,,
51520,,,,,,,,,,
48001,48073,48161,48213,48225,48289,,,,,
48073,48005,48213,48225,48347,48401,48423,,,,
48161,48213,48289,48293,48349,,,,,,
48213,48139,48257,48349,48423,48467,,,,,
48225,48005,48289,48313,48455,48471,,,,,
48289,48041,48293,48313,48395,,,,,,
48135,48103,48329,48461,48475,,,,,,
48317,48033,48115,48173,48227,48329,,,,,
48329,48173,48383,48461,,,,,,,
48005,48241,48347,48373,48405,48455,48457,,,,
48241,48199,48405,48457,,,,,,,
48347,48401,48405,,,,,,,,
48373,48199,48291,48407,48455,48457,,,,,
48405,,,,,,,,,,
48455,48407,48471,,,,,,,,
48457,48199,,,,,,,,,
48007,48057,48355,48391,48409,,,,,,
48057,48239,48321,48391,48469,,,,,,
48355,48249,48273,48409,,,,,,,
48391,48025,48175,48409,48469,,,,,,
48409,48025,48249,48297,,,,,,,
48009,48023,48237,48447,48503,,,,,,
48023,48155,48207,48275,48447,48503,,,,,
48237,48363,48367,48497,48503,,,,,,
48447,48207,48275,48417,48429,48503,,,,,
48503,48363,48429,,,,,,,,
48011,48045,48065,48129,48179,48375,48381,48437,,,
48045,48129,48153,48191,48345,48437,,,,,
48065,48129,48179,48233,48341,48375,48381,48393,,,
48129,48179,48191,,,,,,,,
48179,48393,,,,,,,,,
48375,48341,48381,,,,,,,,
48381,48069,48437,,,,,,,,
48437,48069,48153,48189,,,,,,,
48013,48029,48163,48255,48283,48297,48311,48325,48493,,
48029,48019,48091,48187,48259,48325,48493,,,,
48163,48127,48283,48325,48463,48507,,,,,
48255,48025,48123,48175,48177,48297,48493,,,,
48283,48127,48131,48311,48479,,,,,,
48297,48025,48131,48249,48311,,,,,,
48311,48131,48479,,,,,,,,
48325,48019,48463,48507,,,,,,,
48493,48177,48187,,,,,,,,
48015,48089,48149,48157,48473,48477,48481,,,,
48089,48149,48239,48285,48481,,,,,,
48149,48021,48055,48177,48285,48287,48477,,,,
48157,48039,48201,48473,48481,,,,,,
48473,48185,48201,48339,48477,,,,,,
48477,48041,48051,48185,48287,,,,,,
48481,48039,48239,48321,,,,,,,
48219,48189,48279,48303,48305,48445,,,,,
48279,48069,48189,48303,,,,,,,
48019,48259,48265,48385,48463,,,,,,
48259,48031,48091,48171,48265,,,,,,
48265,48137,48171,48267,48385,,,,,,
48385,48137,48463,,,,,,,,
48463,48137,48271,48323,48507,,,,,,
48021,48055,48287,48453,48491,,,,,,
48055,48177,48187,48209,48453,,,,,,
48287,48051,48331,48491,,,,,,,
48453,48031,48053,48209,48491,,,,,,
48491,48027,48053,48331,,,,,,,
48155,48101,48269,48275,,,,,,,
48207,48253,48269,48275,48417,48433,,,,,
48275,48269,48433,,,,,,,,
48025,48175,,,,,,,,,
48175,48123,48469,,,,,,,,
48027,48053,48099,48145,48281,48309,48331,,,,
48053,48031,48281,48299,48411,,,,,,
48099,48035,48193,48281,48309,,,,,,
48145,48293,48309,48331,48395,,,,,,
48281,48193,48333,48411,,,,,,,
48309,48035,48217,48293,,,,,,,
48331,48051,48395,,,,,,,,
48091,48031,48187,48209,,,,,,,
48187,48177,48209,,,,,,,,
48031,48171,48209,48299,,,,,,,
48171,48267,48299,48319,,,,,,,
48209,,,,,,,,,,
48299,48319,48411,,,,,,,,
48033,48115,48169,48227,48305,48335,48415,,,,
48115,48227,48305,48445,,,,,,,
48169,48107,48125,48263,48303,48305,48415,,,,
48227,48173,48335,48431,,,,,,,
48305,48107,48303,48445,,,,,,,
48335,48081,48151,48353,48415,48431,,,,,
48415,48151,48263,48353,,,,,,,
48035,48143,48193,48217,48251,48425,,,,,
48143,48093,48133,48193,48221,48363,48425,,,,
48193,48093,48333,,,,,,,,
48217,48139,48251,48293,48349,,,,,,
48251,48139,48221,48367,48425,48439,,,,,
48425,48221,,,,,,,,,
48343,48063,48449,48459,,,,,,,
48039,48167,48201,48321,,,,,,,
48167,48071,48201,,,,,,,,
48201,48071,48291,48339,,,,,,,
48321,48239,,,,,,,,,
48041,48051,48185,48313,48395,,,,,,
48051,48395,,,,,,,,,
48185,48313,48339,48471,,,,,,,
48313,48395,48471,,,,,,,,
48395,48293,,,,,,,,,
48043,48243,48371,48377,48443,,,,,,
48243,48371,48377,,,,,,,,
48371,48103,48105,48443,48475,,,,,,
48377,,,,,,,,,,
48443,48105,48465,,,,,,,,
48153,48107,48125,48189,48303,48345,,,,,
48191,48101,48345,,,,,,,,
48345,48101,48107,48125,48269,,,,,,
48047,48131,48215,48247,48249,48261,48273,48427,,,
48131,48247,48249,48479,,,,,,,
48215,48061,48261,48427,48489,,,,,,
48247,48427,48479,48505,,,,,,,
48249,48273,,,,,,,,,
48261,48273,48489,,,,,,,,
48273,,,,,,,,,,
48427,48505,,,,,,,,,
48049,48059,48083,48093,48133,48307,48333,48411,,,
48059,48083,48133,48253,48417,48441,,,,,
48083,48095,48307,48399,48441,,,,,,
48093,48133,48333,,,,,,,,
48133,48363,48417,48429,,,,,,,
48307,48095,48319,48327,48411,,,,,,
48333,48411,,,,,,,,,
48411,48319,,,,,,,,,
48177,48123,48285,,,,,,,,
48239,48285,48469,,,,,,,,
48469,48123,48285,,,,,,,,
48253,48151,48353,48417,48433,48441,,,,,
48417,48429,,,,,,,,,
48441,48151,48353,48399,,,,,,,
48061,48489,,,,,,,,,
48489,,,,,,,,,,
48063,48159,48449,48459,48499,,,,,,
48159,48119,48223,48449,48499,,,,,,
48449,,,,,,,,,,
48459,48183,48423,48499,,,,,,,
48499,48223,48379,48423,48467,,,,,,
48233,48341,48393,,,,,,,,
48341,,,,,,,,,,
48393,,,,,,,,,,
48069,48189,,,,,,,,,
48189,48107,48303,,,,,,,,
48071,48291,,,,,,,,,
48291,48199,48339,48407,,,,,,,
48401,48183,48423,,,,,,,,
48423,48183,48467,,,,,,,,
48101,48125,48269,,,,,,,,
48445,48303,,,,,,,,,
48081,48353,48399,48431,48451,,,,,,
48353,48151,48399,,,,,,,,
48399,48095,48451,,,,,,,,
48431,48173,48383,48451,,,,,,,
48451,48095,48235,48327,48383,48413,,,,,
48095,48327,48413,,,,,,,,
48085,48113,48121,48231,48397,,,,,,
48113,48121,48139,48257,48397,48439,,,,,
48121,48439,48497,,,,,,,,
48231,48119,48223,48257,48379,48397,48467,,,,
48397,48257,,,,,,,,,
48285,48123,,,,,,,,,
48327,48267,48319,48413,48435,,,,,,
48413,48105,48235,48267,48435,,,,,,
48497,48367,48439,,,,,,,,
48125,48107,48263,48269,48433,,,,,,
48269,48263,48433,,,,,,,,
48103,48105,48461,48475,,,,,,,
48105,48235,48383,48435,48461,48465,,,,,
48461,48173,48383,,,,,,,,
48475,,,,,,,,,,
48235,48383,,,,,,,,,
48383,48173,,,,,,,,,
48435,48137,48267,48465,,,,,,,
48465,48137,48271,,,,,,,,
48107,48263,48303,,,,,,,,
48263,48151,48433,,,,,,,,
48303,,,,,,,,,,
48139,48257,48349,48439,,,,,,,
48257,48467,,,,,,,,,
48439,48367,,,,,,,,,
48119,48223,,,,,,,,,
48223,48379,,,,,,,,,
48123,,,,,,,,,,
48433,48151,,,,,,,,,
48127,48323,48479,48507,,,,,,,
48323,48271,48479,48507,,,,,,,
48479,48505,,,,,,,,,
48507,48271,,,,,,,,,
48363,48221,48367,48429,,,,,,,
48429,,,,,,,,,,
48137,48267,48271,,,,,,,,
48267,48319,,,,,,,,,
48271,,,,,,,,,,
48349,48293,,,,,,,,,
48221,48367,,,,,,,,,
48293,,,,,,,,,,
48151,,,,,,,,,,
48319,,,,,,,,,,
48173,,,,,,,,,,
48183,,,,,,,,,,
48339,48407,48471,,,,,,,,
48471,48407,,,,,,,,,
48199,,,,,,,,,,
48467,48379,,,,,,,,,
48367,,,,,,,,,,
48379,,,,,,,,,,
48505,,,,,,,,,,
48407,,,,,,,,,,
49017,49031,49055,,,,,,,,
49031,49041,49055,,,,,,,,
49041,49015,49039,49055,,,,,,,
49011,49029,49035,49057,,,,,,,
49057,49029,,,,,,,,,
49007,49013,49015,49039,49049,,,,,,
49013,49043,49049,49051,,,,,,,
49015,49039,49055,,,,,,,,
49039,49049,,,,,,,,,
49049,49035,49051,,,,,,,,
49043,49029,49035,49051,56041,,,,,,
49029,49035,,,,,,,,,
49035,49051,,,,,,,,,
49051,,,,,,,,,,
49055,,,,,,,,,,
56041,,,,,,,,,,
50023,50015,,,,,,,,,
50015,50011,50019,,,,,,,,
50019,50011,,,,,,,,,
50011,,,,,,,,,,
51103,51057,51119,51159,,,,,,,
51115,51073,51119,51131,51199,,,,,,
51119,51057,51073,51097,51131,51159,,,,,
51131,51199,51650,51710,51735,,,,,,
51003,51015,51029,51065,51079,51109,51125,51137,51165,51540,
51015,51017,51091,51125,51163,51165,51790,51820,54071,,
51029,51011,51049,51065,51125,51147,,,,,
51065,51049,51075,51109,,,,,,,
51079,51113,51137,51139,51165,,,,,,
51109,51075,51085,51137,51177,,,,,,
51125,51009,51011,51163,,,,,,,
51137,51047,51113,51177,,,,,,,
51165,51139,51171,51660,54031,54071,,,,,
51540,,,,,,,,,,
51005,51017,51023,51045,51163,51580,54025,54063,,,
51017,51091,51163,54025,54075,,,,,,
51023,51019,51045,51161,51163,,,,,,
51045,51071,51121,51161,54063,,,,,,
51163,51009,51019,51530,51678,,,,,,
51580,,,,,,,,,,
54025,54019,54063,54067,54075,54089,54101,,,,
54063,51071,54089,,,,,,,,
51007,51041,51049,51053,51135,51145,51147,,,,
51041,51036,51053,51075,51087,51145,51149,51570,51670,51730,51760
51049,51075,51145,51147,,,,,,,
51053,51135,51149,51183,51730,,,,,,
51135,51111,51147,,,,,,,,
51145,51075,51087,,,,,,,,
51147,51011,51037,51111,,,,,,,
51009,51011,51019,51031,51680,,,,,,
51011,51031,51037,,,,,,,,
51019,51031,51067,51161,51680,,,,,,
51031,51037,51680,,,,,,,,
51680,,,,,,,,,,
51037,51111,,,,,,,,,
51610,,,,,,,,,,
51091,54071,54075,,,,,,,,
51790,,,,,,,,,,
51820,,,,,,,,,,
54071,54031,54075,54083,,,,,,,
54075,54083,54101,,,,,,,,
51067,51063,51161,,,,,,,,
51161,51063,51121,51770,51775,,,,,,
51021,51071,51155,51173,51185,51197,54055,,,,
51071,51121,51155,54055,54089,,,,,,
51155,51063,51121,51197,51750,,,,,,
51173,51167,51185,51197,,,,,,,
51185,51167,54047,54055,,,,,,,
51197,,,,,,,,,,
54055,54047,54081,54089,54109,,,,,,
51111,,,,,,,,,,
51167,,,,,,,,,,
54047,54109,,,,,,,,,
51033,51057,51085,51097,51101,51177,,,,,
51057,51097,51159,,,,,,,,
51085,51075,51087,51101,51127,51177,,,,,
51097,51073,51095,51101,51127,,,,,,
51101,51127,,,,,,,,,
51177,51047,51630,,,,,,,,
51063,51121,,,,,,,,,
51640,,,,,,,,,,
51036,51087,51095,51127,51149,51181,,,,,
51087,51075,51127,51760,,,,,,,
51095,51073,51093,51127,51181,51199,51700,51830,,,
51127,,,,,,,,,,
51149,51181,51183,51670,51730,,,,,,
51181,51093,51183,51700,,,,,,,
51075,,,,,,,,,,
51570,51730,,,,,,,,,
51670,,,,,,,,,,
51730,,,,,,,,,,
51760,,,,,,,,,,
51043,51061,51069,51187,,,,,,,
51061,51047,51157,51187,,,,,,,
51069,51171,51187,51840,54031,,,,,,
51187,51139,51157,51171,,,,,,,
51121,51750,,,,,,,,,
51047,51113,51157,,,,,,,,
51113,51139,51157,,,,,,,,
51157,51139,,,,,,,,,
51183,,,,,,,,,,
51159,,,,,,,,,,
51600,,,,,,,,,,
51171,51139,54031,,,,,,,,
51840,,,,,,,,,,
54031,,,,,,,,,,
54089,54019,54081,,,,,,,,
51073,51199,,,,,,,,,
51199,51650,51700,51735,51830,,,,,,
51139,,,,,,,,,,
51595,,,,,,,,,,
51690,,,,,,,,,,
51093,51620,51700,,,,,,,,
51620,,,,,,,,,,
51700,51650,51740,,,,,,,,
51830,,,,,,,,,,
51750,,,,,,,,,,
51650,51710,51735,51740,,,,,,,
51710,51740,,,,,,,,,
51735,,,,,,,,,,
51683,51685,,,,,,,,,
51685,,,,,,,,,,
51770,51775,,,,,,,,,
51775,,,,,,,,,,
51530,,,,,,,,,,
51678,,,,,,,,,,
51660,,,,,,,,,,
51630,,,,,,,,,,
51720,,,,,,,,,,
51740,,,,,,,,,,
53001,53021,53025,53043,,,,,,,
53021,53025,,,,,,,,,
53025,53017,53037,53043,53047,53077,,,,,
53043,53019,53047,53065,,,,,,,
53077,53033,53037,53041,53053,,,,,,
53007,53017,53033,53037,53047,53057,53061,,,,
53017,53037,53047,,,,,,,,
53033,53035,53037,53053,53061,,,,,,
53037,,,,,,,,,,
53047,53019,53057,53073,,,,,,,
53057,53029,53055,53061,53073,,,,,,
53061,53029,53035,,,,,,,,
53009,53031,53055,,,,,,,,
53031,53027,53029,53035,53045,53055,,,,,
53055,53029,53073,,,,,,,,
53041,53027,53053,53067,,,,,,,
53019,53065,,,,,,,,,
53065,,,,,,,,,,
53027,53045,53067,,,,,,,,
53045,53035,53053,53067,,,,,,,
53067,53053,,,,,,,,,
53029,53035,,,,,,,,,
53035,53053,,,,,,,,,
53053,,,,,,,,,,
53073,,,,,,,,,,
54001,54033,54083,54091,54093,54097,,,,,
54033,54017,54041,54049,54091,54097,,,,,
54083,54093,54097,54101,,,,,,,
54091,54049,,,,,,,,,
54093,,,,,,,,,,
54097,54041,54101,,,,,,,,
54005,54039,54043,54045,54081,54109,,,,,
54039,54015,54019,54043,54067,54079,54081,54087,,,
54043,54045,54079,,,,,,,,
54045,54109,,,,,,,,,
54081,54019,54109,,,,,,,,
54109,,,,,,,,,,
54007,54013,54015,54021,54041,54067,54101,,,,
54013,54015,54021,54085,54087,54105,,,,,
54015,54067,54087,,,,,,,,
54021,54017,54041,54085,,,,,,,
54041,54017,54101,,,,,,,,
54067,54019,54101,,,,,,,,
54101,,,,,,,,,,
54079,,,,,,,,,,
54085,54017,54105,,,,,,,,
54087,54105,,,,,,,,,
54105,,,,,,,,,,
54017,,,,,,,,,,
54019,,,,,,,,,,
54049,,,,,,,,,,
55001,55021,55057,55077,55097,55137,55141,,,,
55021,55025,55027,55047,55057,55077,55111,,,,
55057,55053,55081,55111,55141,,,,,,
55077,55047,55137,,,,,,,,
55097,55073,55115,55135,55137,55141,,,,,
55137,55047,55135,55139,,,,,,,
55141,55019,55053,55073,,,,,,,
55099,55069,55085,55107,55113,55119,,,,,
55113,55005,55107,55129,,,,,,,
55005,55017,55033,55107,55129,,,,,,
55017,55019,55033,55035,55107,55119,,,,,
55033,55035,,,,,,,,,
55107,55119,55129,,,,,,,,
55129,,,,,,,,,,
55009,55015,55083,55087,55115,,,,,,
55015,55039,55087,55139,,,,,,,
55083,55067,55078,55115,,,,,,,
55087,55115,55135,55139,,,,,,,
55115,55067,55073,55078,55135,,,,,,
55035,55019,55053,,,,,,,,
55039,55027,55047,55131,55139,,,,,,
55139,55047,55135,,,,,,,,
55019,55053,55073,55119,,,,,,,
55119,55069,55073,,,,,,,,
55053,55081,,,,,,,,,
55073,55067,55069,55135,,,,,,,
55025,55027,55049,55055,55111,,,,,,
55027,55047,55055,55131,55133,,,,,,
55047,,,,,,,,,,
55111,55049,55103,,,,,,,,
55103,55049,,,,,,,,,
55049,,,,,,,,,,
55055,55133,,,,,,,,,
55131,55133,,,,,,,,,
55133,,,,,,,,,,
55067,55069,55078,55085,,,,,,,
55085,55069,,,,,,,,,
55081,,,,,,,,,,
55069,,,,,,,,,,
55078,,,,,,,,,,
55135,,,,,,,,,,
56009,56019,56025,56031,,,,,,,
56031,,,,,,,,,,
56019,56025,56043,,,,,,,,
56043,56013,56017,56025,,,,,,,
56013,56017,56025,56035,,,,,,,
56025,,,,,,,,,,
56017,,,,,,,,,,
56035,,,,,,,,,,
60010,60050,,,,,,,,,
60050,,,,,,,,,,
69110,69120,,,,,,,,,
69120,,,,,,,,,,
72001,72059,72081,72111,72113,72141,72153,,,,
72059,72055,72111,72153,,,,,,,
72081,72027,72065,72083,72093,72131,72141,72153,,,
72111,72113,,,,,,,,,
72113,72073,72075,72141,,,,,,,
72141,72013,72039,72065,72073,,,,,,
72153,72055,72093,72121,,,,,,,
72003,72005,72011,72099,72117,,,,,,
72005,72071,72099,,,,,,,,
72011,72083,72097,72099,72117,72131,,,,,
72099,72071,72131,,,,,,,,
72117,72097,,,,,,,,,
72071,72115,72131,,,,,,,,
72007,72021,72025,72041,72045,72061,72127,,,,
72021,72033,72045,72061,72105,72135,72137,,,,
72025,72035,72041,72063,72127,72129,72139,,,,
72041,72009,72019,72035,72045,,,,,,
72045,72019,72105,,,,,,,,
72061,72033,72127,,,,,,,,
72127,72031,72033,72137,72139,,,,,,
72009,72019,72035,72043,72123,,,,,,
72019,72043,72047,72105,72107,,,,,,
72035,72057,72109,72123,72129,,,,,,
72043,72075,72107,72123,72133,72149,,,,,
72123,72057,72133,,,,,,,,
72083,72093,72097,72131,,,,,,,
72097,72023,72067,72093,72125,,,,,,
72131,72027,72115,,,,,,,,
72013,72017,72039,72054,72065,,,,,,
72017,72054,72091,,,,,,,,
72039,72054,72073,72091,72101,72107,,,,,
72054,72091,,,,,,,,,
72065,72027,,,,,,,,,
72015,72057,72109,,,,,,,,
72057,72109,,,,,,,,,
72109,72095,72129,72151,,,,,,,
72091,72101,72145,,,,,,,,
72047,72101,72105,72107,72135,72143,,,,,
72105,72135,,,,,,,,,
72107,72073,72075,72101,72149,,,,,,
72033,72137,,,,,,,,,
72135,72051,72137,72143,,,,,,,
72137,72051,,,,,,,,,
72023,72067,72079,72125,,,,,,,
72067,72125,,,,,,,,,
72079,72055,72121,72125,,,,,,,
72125,72093,72121,,,,,,,,
72063,72029,72031,72077,72129,72139,,,,,
72129,72077,72085,72151,,,,,,,
72139,72031,,,,,,,,,
72027,72115,,,,,,,,,
72115,,,,,,,,,,
72029,72031,72077,72085,72087,72119,,,,,
72031,72077,72087,,,,,,,,
72077,72085,,,,,,,,,
72085,72069,72103,72119,72151,,,,,,
72087,72119,,,,,,,,,
72119,72037,72089,72103,,,,,,,
72037,72049,72053,72089,72103,72147,,,,,
72049,,,,,,,,,,
72053,72089,,,,,,,,,
72089,,,,,,,,,,
72103,72069,,,,,,,,,
72147,,,,,,,,,,
72073,72075,,,,,,,,,
72101,72143,72145,,,,,,,,
72075,72133,72149,,,,,,,,
72133,,,,,,,,,,
72149,,,,,,,,,,
72143,72051,72145,,,,,,,,
72051,,,,,,,,,,
72055,72121,,,,,,,,,
72121,72093,,,,,,,,,
72069,72151,,,,,,,,,
72151,72095,,,,,,,,,
72093,,,,,,,,,,
72145,,,,,,,,,,
72095,,,,,,,,,,
78020,78030,,,,,,,,,
78030,,,,,,,,,,
