Washington,Illinois,California,Arizona,Massachusetts,Wisconsin,Texas,Nebraska,Utah,Oregon,Rhode Island,New York,Florida,Georgia,New Hampshire,North Carolina,New Jersey,Tennessee,Nevada,Maryland,Colorado,Oklahoma,Pennsylvania,South Carolina,Hawaii,Indiana,Kentucky,Minnesota,Vermont,Virginia,DC,Kansas,Missouri,Connecticut,Iowa,Ohio,Louisiana,South Dakota,Michigan,North Dakota,New Mexico,Wyoming,Mississippi,Arkansas,Delaware,Alaska,Maine,Puerto Rico,Montana,Alabama,Idaho,Virgin Islands,Guam,West Virginia,Northern Mariana Islands
1,0,0,0,0,0,0,0,0,0,0,0,0,0,0,0,0,0,0,0,0,0,0,0,0,0,0,0,0,0,0,0,0,0,0,0,0,0,0,0,0,0,0,0,0,0,0,0,0,0,0,0,0,0,0
1,0,0,0,0,0,0,0,0,0,0,0,0,0,0,0,0,0,0,0,0,0,0,0,0,0,0,0,0,0,0,0,0,0,0,0,0,0,0,0,0,0,0,0,0,0,0,0,0,0,0,0,0,0,0
1,0,0,0,0,0,0,0,0,0,0,0,0,0,0,0,0,0,0,0,0,0,0,0,0,0,0,0,0,0,0,0,0,0,0,0,0,0,0,0,0,0,0,0,0,0,0,0,0,0,0,0,0,0,0
1,1,0,0,0,0,0,0,0,0,0,0,0,0,0,0,0,0,0,0,0,0,0,0,0,0,0,0,0,0,0,0,0,0,0,0,0,0,0,0,0,0,0,0,0,0,0,0,0,0,0,0,0,0,0
1,1,1,0,0,0,0,0,0,0,0,0,0,0,0,0,0,0,0,0,0,0,0,0,0,0,0,0,0,0,0,0,0,0,0,0,0,0,0,0,0,0,0,0,0,0,0,0,0,0,0,0,0,0,0
1,1,2,1,0,0,0,0,0,0,0,0,0,0,0,0,0,0,0,0,0,0,0,0,0,0,0,0,0,0,0,0,0,0,0,0,0,0,0,0,0,0,0,0,0,0,0,0,0,0,0,0,0,0,0
1,1,2,1,0,0,0,0,0,0,0,0,0,0,0,0,0,0,0,0,0,0,0,0,0,0,0,0,0,0,0,0,0,0,0,0,0,0,0,0,0,0,0,0,0,0,0,0,0,0,0,0,0,0,0
1,1,2,1,0,0,0,0,0,0,0,0,0,0,0,0,0,0,0,0,0,0,0,0,0,0,0,0,0,0,0,0,0,0,0,0,0,0,0,0,0,0,0,0,0,0,0,0,0,0,0,0,0,0,0
1,1,2,1,0,0,0,0,0,0,0,0,0,0,0,0,0,0,0,0,0,0,0,0,0,0,0,0,0,0,0,0,0,0,0,0,0,0,0,0,0,0,0,0,0,0,0,0,0,0,0,0,0,0,0
1,2,2,1,0,0,0,0,0,0,0,0,0,0,0,0,0,0,0,0,0,0,0,0,0,0,0,0,0,0,0,0,0,0,0,0,0,0,0,0,0,0,0,0,0,0,0,0,0,0,0,0,0,0,0
1,2,3,1,0,0,0,0,0,0,0,0,0,0,0,0,0,0,0,0,0,0,0,0,0,0,0,0,0,0,0,0,0,0,0,0,0,0,0,0,0,0,0,0,0,0,0,0,0,0,0,0,0,0,0
1,2,3,1,1,0,0,0,0,0,0,0,0,0,0,0,0,0,0,0,0,0,0,0,0,0,0,0,0,0,0,0,0,0,0,0,0,0,0,0,0,0,0,0,0,0,0,0,0,0,0,0,0,0,0
1,2,6,1,1,0,0,0,0,0,0,0,0,0,0,0,0,0,0,0,0,0,0,0,0,0,0,0,0,0,0,0,0,0,0,0,0,0,0,0,0,0,0,0,0,0,0,0,0,0,0,0,0,0,0
1,2,6,1,1,0,0,0,0,0,0,0,0,0,0,0,0,0,0,0,0,0,0,0,0,0,0,0,0,0,0,0,0,0,0,0,0,0,0,0,0,0,0,0,0,0,0,0,0,0,0,0,0,0,0
1,2,6,1,1,0,0,0,0,0,0,0,0,0,0,0,0,0,0,0,0,0,0,0,0,0,0,0,0,0,0,0,0,0,0,0,0,0,0,0,0,0,0,0,0,0,0,0,0,0,0,0,0,0,0
1,2,6,1,1,1,0,0,0,0,0,0,0,0,0,0,0,0,0,0,0,0,0,0,0,0,0,0,0,0,0,0,0,0,0,0,0,0,0,0,0,0,0,0,0,0,0,0,0,0,0,0,0,0,0
1,2,6,1,1,1,0,0,0,0,0,0,0,0,0,0,0,0,0,0,0,0,0,0,0,0,0,0,0,0,0,0,0,0,0,0,0,0,0,0,0,0,0,0,0,0,0,0,0,0,0,0,0,0,0
1,2,6,1,1,1,0,0,0,0,0,0,0,0,0,0,0,0,0,0,0,0,0,0,0,0,0,0,0,0,0,0,0,0,0,0,0,0,0,0,0,0,0,0,0,0,0,0,0,0,0,0,0,0,0
1,2,6,1,1,1,0,0,0,0,0,0,0,0,0,0,0,0,0,0,0,0,0,0,0,0,0,0,0,0,0,0,0,0,0,0,0,0,0,0,0,0,0,0,0,0,0,0,0,0,0,0,0,0,0
1,2,6,1,1,1,0,0,0,0,0,0,0,0,0,0,0,0,0,0,0,0,0,0,0,0,0,0,0,0,0,0,0,0,0,0,0,0,0,0,0,0,0,0,0,0,0,0,0,0,0,0,0,0,0
1,2,7,1,1,1,0,0,0,0,0,0,0,0,0,0,0,0,0,0,0,0,0,0,0,0,0,0,0,0,0,0,0,0,0,0,0,0,0,0,0,0,0,0,0,0,0,0,0,0,0,0,0,0,0
1,2,7,1,1,1,0,0,0,0,0,0,0,0,0,0,0,0,0,0,0,0,0,0,0,0,0,0,0,0,0,0,0,0,0,0,0,0,0,0,0,0,0,0,0,0,0,0,0,0,0,0,0,0,0
1,2,7,1,1,1,1,0,0,0,0,0,0,0,0,0,0,0,0,0,0,0,0,0,0,0,0,0,0,0,0,0,0,0,0,0,0,0,0,0,0,0,0,0,0,0,0,0,0,0,0,0,0,0,0
1,2,7,1,1,1,2,0,0,0,0,0,0,0,0,0,0,0,0,0,0,0,0,0,0,0,0,0,0,0,0,0,0,0,0,0,0,0,0,0,0,0,0,0,0,0,0,0,0,0,0,0,0,0,0
1,2,7,1,1,1,2,0,0,0,0,0,0,0,0,0,0,0,0,0,0,0,0,0,0,0,0,0,0,0,0,0,0,0,0,0,0,0,0,0,0,0,0,0,0,0,0,0,0,0,0,0,0,0,0
1,2,7,1,1,1,2,0,0,0,0,0,0,0,0,0,0,0,0,0,0,0,0,0,0,0,0,0,0,0,0,0,0,0,0,0,0,0,0,0,0,0,0,0,0,0,0,0,0,0,0,0,0,0,0
1,2,7,1,1,1,2,0,0,0,0,0,0,0,0,0,0,0,0,0,0,0,0,0,0,0,0,0,0,0,0,0,0,0,0,0,0,0,0,0,0,0,0,0,0,0,0,0,0,0,0,0,0,0,0
1,2,7,1,1,1,2,10,0,0,0,0,0,0,0,0,0,0,0,0,0,0,0,0,0,0,0,0,0,0,0,0,0,0,0,0,0,0,0,0,0,0,0,0,0,0,0,0,0,0,0,0,0,0,0
1,2,7,1,1,1,2,10,0,0,0,0,0,0,0,0,0,0,0,0,0,0,0,0,0,0,0,0,0,0,0,0,0,0,0,0,0,0,0,0,0,0,0,0,0,0,0,0,0,0,0,0,0,0,0
1,2,7,1,1,1,2,10,0,0,0,0,0,0,0,0,0,0,0,0,0,0,0,0,0,0,0,0,0,0,0,0,0,0,0,0,0,0,0,0,0,0,0,0,0,0,0,0,0,0,0,0,0,0,0
1,2,8,1,1,1,2,11,0,0,0,0,0,0,0,0,0,0,0,0,0,0,0,0,0,0,0,0,0,0,0,0,0,0,0,0,0,0,0,0,0,0,0,0,0,0,0,0,0,0,0,0,0,0,0
1,2,9,1,1,1,4,11,0,0,0,0,0,0,0,0,0,0,0,0,0,0,0,0,0,0,0,0,0,0,0,0,0,0,0,0,0,0,0,0,0,0,0,0,0,0,0,0,0,0,0,0,0,0,0
1,2,9,1,1,1,4,11,0,0,0,0,0,0,0,0,0,0,0,0,0,0,0,0,0,0,0,0,0,0,0,0,0,0,0,0,0,0,0,0,0,0,0,0,0,0,0,0,0,0,0,0,0,0,0
1,2,9,1,1,1,4,11,0,0,0,0,0,0,0,0,0,0,0,0,0,0,0,0,0,0,0,0,0,0,0,0,0,0,0,0,0,0,0,0,0,0,0,0,0,0,0,0,0,0,0,0,0,0,0
5,2,11,1,1,1,10,12,0,0,0,0,0,0,0,0,0,0,0,0,0,0,0,0,0,0,0,0,0,0,0,0,0,0,0,0,0,0,0,0,0,0,0,0,0,0,0,0,0,0,0,0,0,0,0
5,2,11,1,1,1,10,13,1,0,0,0,0,0,0,0,0,0,0,0,0,0,0,0,0,0,0,0,0,0,0,0,0,0,0,0,0,0,0,0,0,0,0,0,0,0,0,0,0,0,0,0,0,0,0
5,2,26,1,1,1,10,13,1,0,0,0,0,0,0,0,0,0,0,0,0,0,0,0,0,0,0,0,0,0,0,0,0,0,0,0,0,0,0,0,0,0,0,0,0,0,0,0,0,0,0,0,0,0,0
5,2,26,1,1,1,10,13,1,0,0,0,0,0,0,0,0,0,0,0,0,0,0,0,0,0,0,0,0,0,0,0,0,0,0,0,0,0,0,0,0,0,0,0,0,0,0,0,0,0,0,0,0,0,0
7,2,27,1,1,1,11,13,1,1,0,0,0,0,0,0,0,0,0,0,0,0,0,0,0,0,0,0,0,0,0,0,0,0,0,0,0,0,0,0,0,0,0,0,0,0,0,0,0,0,0,0,0,0,0
10,3,28,1,1,1,11,13,1,1,0,0,0,0,0,0,0,0,0,0,0,0,0,0,0,0,0,0,0,0,0,0,0,0,0,0,0,0,0,0,0,0,0,0,0,0,0,0,0,0,0,0,0,0,0
17,3,33,1,1,1,11,13,1,2,2,1,2,0,0,0,0,0,0,0,0,0,0,0,0,0,0,0,0,0,0,0,0,0,0,0,0,0,0,0,0,0,0,0,0,0,0,0,0,0,0,0,0,0,0
23,4,38,1,2,1,11,13,1,2,2,1,2,2,1,0,0,0,0,0,0,0,0,0,0,0,0,0,0,0,0,0,0,0,0,0,0,0,0,0,0,0,0,0,0,0,0,0,0,0,0,0,0,0,0
32,4,45,2,2,1,11,13,1,2,2,2,3,2,2,1,0,0,0,0,0,0,0,0,0,0,0,0,0,0,0,0,0,0,0,0,0,0,0,0,0,0,0,0,0,0,0,0,0,0,0,0,0,0,0
47,4,55,2,2,1,12,13,1,2,2,11,3,2,2,1,1,0,0,0,0,0,0,0,0,0,0,0,0,0,0,0,0,0,0,0,0,0,0,0,0,0,0,0,0,0,0,0,0,0,0,0,0,0,0
75,5,67,2,3,1,16,13,1,2,2,22,4,2,2,1,2,1,2,3,2,0,0,0,0,0,0,0,0,0,0,0,0,0,0,0,0,0,0,0,0,0,0,0,0,0,0,0,0,0,0,0,0,0,0
86,6,81,3,8,1,19,14,3,2,3,44,7,3,2,2,4,1,2,3,8,1,2,2,1,1,1,1,0,0,0,0,0,0,0,0,0,0,0,0,0,0,0,0,0,0,0,0,0,0,0,0,0,0,0
110,6,100,5,13,1,19,14,3,6,3,89,12,7,4,2,4,1,2,3,8,1,4,2,1,1,1,1,1,1,1,1,1,0,0,0,0,0,0,0,0,0,0,0,0,0,0,0,0,0,0,0,0,0,0
141,7,112,5,28,1,23,16,3,13,3,106,13,11,4,2,6,3,4,5,8,1,6,6,2,2,4,2,1,2,1,1,1,1,3,0,0,0,0,0,0,0,0,0,0,0,0,0,0,0,0,0,0,0,0
179,11,172,6,41,2,24,16,3,13,3,142,14,17,4,7,11,4,4,6,12,1,10,7,2,4,5,2,1,5,4,1,1,2,8,3,1,0,0,0,0,0,0,0,0,0,0,0,0,0,0,0,0,0,0
279,19,179,6,92,3,31,17,4,14,5,173,23,22,5,7,15,7,4,9,17,2,12,9,2,6,7,3,1,8,4,1,1,2,13,3,6,5,2,0,0,0,0,0,0,0,0,0,0,0,0,0,0,0,0
338,25,202,9,95,6,33,23,5,20,5,217,26,31,5,8,23,8,7,13,34,2,16,10,2,11,7,5,2,10,10,1,1,3,14,4,13,8,2,1,4,1,1,1,1,0,0,0,0,0,0,0,0,0,0
419,32,252,9,108,8,41,24,7,30,5,326,46,31,6,16,29,18,11,13,49,2,22,12,2,12,11,9,2,17,10,5,2,6,16,5,14,8,12,1,6,1,1,6,4,1,1,0,0,0,0,0,0,0,0
511,46,320,9,123,19,58,27,7,30,20,421,70,41,7,18,50,26,19,18,78,3,41,13,2,12,11,14,2,30,10,6,4,11,17,13,36,9,25,1,10,2,6,7,4,1,2,3,4,6,1,0,0,0,0
609,66,381,12,138,27,69,29,21,36,20,610,70,65,7,25,75,32,21,27,103,4,47,19,4,15,18,21,5,42,16,8,5,20,18,26,77,9,33,1,13,3,6,9,4,1,3,4,6,12,5,1,0,0,0
675,94,478,13,164,33,80,31,29,39,20,732,109,97,13,32,98,39,26,32,136,8,68,28,7,19,21,35,8,45,17,9,5,26,22,37,103,9,53,1,17,3,10,16,7,1,12,5,6,23,5,1,3,0,0
794,104,588,18,197,47,87,33,40,46,21,950,141,118,17,34,176,52,45,39,161,10,81,33,10,24,22,54,12,51,22,11,9,41,22,50,137,10,54,1,21,10,12,22,8,3,17,5,8,29,5,2,3,0,0
908,159,732,20,218,72,106,36,51,66,23,1375,210,142,26,42,268,73,55,57,183,18,101,47,14,30,26,60,14,67,31,17,16,68,29,67,196,11,65,5,23,15,21,22,16,6,32,5,8,39,9,2,3,1,0
1026,286,893,28,256,106,166,43,65,74,33,2387,326,193,39,66,427,98,82,85,216,29,139,60,16,39,35,77,19,78,36,22,21,96,38,90,280,11,80,7,28,17,34,33,26,9,43,5,12,51,11,3,8,2,0
1228,420,1067,47,328,155,248,47,80,87,44,4161,434,282,44,104,735,155,99,108,278,44,187,81,26,56,47,89,22,94,39,35,35,159,44,120,392,14,334,19,35,18,50,62,30,12,52,6,19,78,23,3,12,5,0
1404,583,1283,70,413,216,377,53,112,114,44,7113,564,482,55,144,896,237,165,150,364,49,269,126,37,79,63,115,29,115,71,49,73,194,45,169,537,14,548,27,43,22,80,100,39,14,57,14,19,106,31,6,14,8,0
1655,751,1544,104,525,281,547,61,138,137,66,10371,764,552,65,184,1336,312,165,195,475,53,388,172,48,126,84,138,49,152,77,57,93,223,68,247,763,14,787,28,57,24,140,118,45,21,70,21,29,131,42,6,15,12,0
1844,1047,1851,153,646,382,632,62,182,161,83,15188,1000,620,78,269,1914,424,190,245,591,67,504,194,56,201,103,171,52,219,98,66,130,327,90,351,837,21,1033,30,65,26,207,165,56,22,89,23,34,157,47,17,27,16,0
2101,1285,2240,234,777,418,728,73,257,191,106,20899,1222,800,101,302,2844,522,265,290,721,81,644,299,77,259,124,235,75,254,116,82,183,415,105,444,1172,28,1324,32,83,28,249,201,87,36,107,31,45,196,50,17,29,16,0
2469,1535,2644,326,1159,481,857,77,298,209,124,25703,1467,1095,108,397,3675,678,315,349,912,106,851,342,90,366,157,262,95,290,137,99,255,618,124,564,1388,30,1791,36,100,37,320,231,104,42,118,39,51,242,73,17,32,39,0
2585,1874,3183,402,1838,623,1119,84,346,266,132,33116,1965,1385,137,561,4402,806,405,423,1086,164,1151,424,95,479,198,287,123,390,183,132,377,875,145,706,1795,41,2293,45,112,49,376,307,119,59,142,51,65,386,123,17,32,51,0
3208,2538,4060,508,2417,754,1542,91,402,316,165,39057,2477,1641,158,637,6876,981,535,581,1432,248,1690,456,106,656,248,346,158,603,231,171,507,1012,179,867,2305,46,2877,58,136,56,486,350,143,69,155,64,90,538,189,17,49,76,0
3770,3029,4914,665,3240,930,1940,99,480,414,203,44745,3198,2198,187,782,8825,1180,621,775,1735,322,2217,539,120,982,302,398,184,605,267,212,670,1291,235,1144,2746,58,3655,68,191,73,579,385,165,85,168,79,121,639,231,19,53,96,0
4311,3547,5565,773,4257,1042,2158,121,608,479,239,53516,4038,2447,214,971,11124,1363,738,1066,2061,377,2815,660,151,1232,394,440,211,739,304,271,837,1524,298,1406,3315,68,4634,93,208,84,669,409,214,102,211,100,147,720,261,19,57,113,2
4896,4613,6266,929,4955,1120,2709,136,719,548,294,59783,4942,2683,258,1164,13386,1569,920,1244,2315,429,3441,774,175,1514,439,504,235,889,342,332,902,1993,336,1665,3539,90,5486,97,237,87,759,449,232,114,253,127,161,830,310,23,58,124,2
5179,5070,7421,1169,5752,1267,3036,185,806,606,408,67462,5694,3032,314,1302,16636,1721,1044,1414,2628,481,4156,925,204,1788,480,576,256,1020,401,373,1049,2571,424,1933,4024,100,6508,108,281,95,848,508,264,119,275,174,177,947,415,30,60,145,2
5292,5992,8582,1298,6620,1351,3570,193,887,690,488,76211,6741,4116,367,1526,18696,2049,1113,1662,2990,566,4997,1083,224,2159,590,629,293,1249,495,434,1350,3128,498,2199,5237,107,7629,126,315,120,937,564,319,133,303,239,198,999,526,30,139,162,2
5588,6978,9816,1413,7738,1550,4255,249,1012,736,566,84363,7765,4747,415,1580,22255,2689,1279,1985,3346,719,5805,1293,258,2564,674,689,321,1511,586,488,1580,3557,549,2547,6424,128,9292,147,363,137,1073,624,368,143,344,286,217,1106,669,30,147,191,6
6585,7695,11190,1600,8966,1730,4880,273,1077,826,657,92971,9000,5444,479,1857,25590,2868,1458,2331,3728,879,7016,1554,283,3040,747,742,338,1705,653,554,1834,3824,614,2902,9152,165,10791,159,403,153,1177,683,393,146,376,316,241,1270,890,37,152,217,8
6966,8904,12569,1769,10402,1916,5669,296,1248,899,711,103651,10260,5967,540,2093,29895,3032,1549,2758,4182,987,8420,1700,317,3439,762,789,389,2011,757,624,2113,4915,699,3312,10299,187,12669,173,495,166,1358,738,450,156,432,378,262,1535,1012,38,154,242,8
7498,10357,13796,2019,11736,2112,6566,339,1426,999,806,115963,11537,6383,621,2402,34124,3265,1758,3125,4574,1159,10109,1917,349,3955,909,865,461,2406,902,702,2291,5276,786,3739,12500,212,14225,186,543,188,1455,743,593,169,456,452,281,1632,1076,42,223,282,8
7984,11276,15076,2269,12500,2267,7091,376,1618,1068,922,124085,12342,6742,669,2585,37505,3538,1880,3609,4950,1251,11589,2049,369,4413,1048,935,512,2636,998,767,2367,5675,868,4043,13014,240,15633,207,624,200,1638,853,673,183,470,475,298,1840,1100,42,265,324,8
8384,12262,16284,2465,13837,2440,8104,437,1662,1132,1082,132061,13621,7558,715,2870,41090,3753,1971,4045,5172,1326,13074,2232,385,4956,1057,986,543,2877,1097,854,2722,6906,946,4450,14867,288,17129,225,686,212,1738,927,783,189,499,513,319,2005,1170,43,266,345,8
8682,13549,17540,2575,15202,2578,8968,490,1737,1181,1229,141703,14739,9156,747,3220,44416,4010,2101,4371,5429,1470,14582,2417,408,5507,1289,1069,575,3332,1211,905,3037,7781,1048,4783,16284,320,18851,237,794,221,1915,997,928,211,519,573,319,2197,1210,45,274,412,8
9097,15078,19043,2726,16790,2756,9897,538,1860,1239,1450,151271,15690,10204,788,3423,47437,4246,2318,5529,5655,1523,16414,2552,433,5943,1393,1154,605,3644,1440,1055,3327,8781,1145,5149,17030,393,20220,251,865,230,2003,1077,1116,224,537,620,332,2498,1232,45,409,483,11
9608,16422,20191,3018,18941,2885,11372,594,1980,1321,1727,162036,16819,10885,819,3651,51027,4456,2456,6185,6202,1683,18379,2792,440,6351,1525,1242,628,4041,1523,1116,3539,9784,1270,5513,18283,447,21375,269,989,303,2260,1146,1209,233,560,683,354,2838,1366,46,542,524,11
9887,17887,21366,3112,20974,3068,12290,678,2103,1371,2015,172830,17960,11859,885,3906,54588,4793,2606,6968,6510,1794,20128,3065,463,6907,1702,1335,679,4508,1660,1180,3799,10538,1388,5879,19253,536,22646,278,1090,320,2469,1202,1326,244,586,725,365,3008,1425,46,577,537,11
10224,19180,22421,3393,22860,3213,13208,718,2208,1447,2349,182990,18978,12261,929,4310,58151,4983,2720,7694,6893,1868,21774,3207,484,7435,1851,1427,711,5076,1778,1282,4024,11510,1510,6251,20014,626,23853,293,1174,343,2642,1228,1479,255,616,788,377,3262,1438,51,681,593,11
10411,20852,23323,3539,25475,3341,13776,805,2305,1527,2665,191425,19855,12103,985,4520,61850,5144,2860,8225,7303,1970,22955,3319,497,7928,1963,1621,727,5273,1875,1337,4160,12035,1587,6605,20595,729,24494,308,1245,364,2781,1280,1625,270,633,897,387,3583,1457,51,716,615,11
10538,22025,24334,3702,26867,3428,14487,870,2368,1584,2976,197973,21011,13125,1020,4788,64584,5483,3036,8936,7691,2069,24295,3439,502,8236,2048,1650,748,5746,1955,1382,4388,13381,1710,6975,21016,867,25487,331,1345,373,2942,1475,1761,275,698,903,394,3805,1499,51,719,638,11
10694,23247,25758,3806,28163,3555,15303,930,2420,1633,3251,205375,21620,13913,1091,4992,68824,5654,3137,9472,7941,2184,25591,3553,511,8527,2210,1695,752,6170,2058,1438,4686,13989,1899,7280,21518,987,26844,341,1407,373,3087,1498,1926,283,734,923,399,3953,1538,51,721,697,13
10783,24593,27107,3962,29918,3721,16106,994,2549,1663,3529,217130,22526,14583,1139,5123,71030,5864,3212,10096,8280,2263,26804,3656,524,8955,2295,1809,759,6499,2197,1501,4895,14755,1995,7791,21951,1167,27893,365,1484,392,3360,1599,2014,291,770,974,404,4241,1587,51,750,725,13
11152,25734,28142,4234,32181,3875,16928,1094,2687,1736,3838,225761,23332,15644,1211,5463,75317,6077,3321,10851,8675,2357,28314,3931,535,9542,2429,1912,768,6888,2350,1593,5111,15884,2141,8414,22532,1310,29119,393,1597,393,3624,1620,2075,298,796,1043,415,4404,1609,51,790,739,13
11445,27575,29398,4507,34402,4045,18131,1216,2813,1785,4177,233293,24745,16658,1287,5859,78467,6423,3524,11641,9047,2465,30121,4086,547,10154,2522,2071,779,7490,2476,1730,5283,16809,2332,9107,23118,1410,29952,439,1711,401,3793,1695,2323,307,827,1068,422,4572,1655,51,796,776,14
11802,29160,30829,4719,36372,4199,18927,1348,2942,1844,4491,240542,25484,17014,1342,6140,81420,6624,3626,12379,9433,2570,31742,4246,568,10641,2707,2213,803,8052,2666,1818,5517,17550,2513,10222,23580,1541,30717,528,1798,412,3974,1777,2538,312,847,1118,426,4723,1668,53,805,825,14
11805,30357,31544,4929,38077,4346,19441,1473,3071,1910,4706,246741,26306,17619,1392,6493,85301,6824,3741,12892,9730,2599,32992,4377,574,11210,2960,2356,812,8536,2793,1896,5667,17962,2915,11602,23928,1635,31348,585,1845,422,4274,1781,2538,317,867,1213,433,4903,1672,53,808,890,14
12191,31508,33862,5064,39643,4499,20035,1646,3213,1956,5090,251608,27050,18447,1447,6764,88806,6994,3830,13750,10106,2680,34005,4439,578,11686,3050,2470,816,8989,2927,2029,5807,19815,3175,12919,24523,1685,31927,627,1971,426,4512,1971,2745,319,875,1252,433,5078,1736,54,811,908,14
12345,33059,35844,5251,41199,4620,20949,1726,3301,2002,5500,255932,27861,19189,1491,6951,92387,7317,3937,14261,10447,2807,35384,4608,580,12097,3193,2567,818,9629,3098,2113,5941,20360,3641,13725,24854,1755,32935,644,2072,441,4716,2262,2931,327,888,915,437,5327,1766,54,852,929,14
12539,35108,37573,5459,42944,4845,21769,1826,3451,2059,5841,261591,28301,20099,1588,7220,95865,7681,4081,14842,10878,2894,36763,4761,586,12438,3373,2721,823,10265,3206,2290,6137,22469,3764,14117,25317,1858,33929,679,2210,447,4894,2392,3200,333,907,915,439,5610,1802,54,911,939,14
12906,36935,39534,5769,46023,5052,22706,2190,3621,2127,6256,267932,29640,20905,1670,7608,99989,8169,4208,15805,11262,3017,38334,4917,590,13039,3548,2942,825,10999,3361,2625,6321,23100,3939,14694,25798,1956,35252,709,2379,453,5153,2599,3308,335,937,1230,442,5832,1836,54,979,981,14
13120,39658,41368,6045,50969,5356,23650,2474,3782,2177,6699,276218,30525,21575,1720,8052,102196,8618,4398,16693,12255,3120,40298,5070,595,13680,3779,3185,827,11595,3528,2841,6625,23921,4459,15169,26199,2040,36627,748,2524,473,5434,2810,3442,337,965,1276,444,6026,1870,54,997,1010,14
13484,41777,42590,6280,53348,5687,24494,2898,3950,2253,7129,286901,30831,22225,1793,8542,105523,8918,4539,17844,12967,3193,41626,5253,597,14395,3905,3446,843,12365,3699,3090,6826,24582,5109,15587,26571,2147,37184,803,2662,473,5718,2909,3576,337,990,1307,445,6213,1887,55,997,1025,14
13663,43903,43691,6526,54938,5911,25209,3126,4123,2311,7439,292914,31520,22459,1864,8830,109038,9435,4638,18664,13440,3253,42709,5490,599,15012,4074,3602,851,12969,3841,3197,6997,25269,5490,15963,26832,2213,37751,867,2728,502,5911,3001,4034,339,1015,1371,448,6421,1897,57,997,1053,14
13864,45883,45208,6716,56462,6081,25963,3487,4236,2354,7708,296991,32130,23229,1938,9035,111188,9739,4708,19574,13804,3280,43728,5613,600,16137,4146,3816,855,13534,3892,3406,7171,25997,5868,16325,27111,2246,38190,942,2825,520,6094,3069,4162,343,1023,1388,449,6539,1917,59,1113,1077,14
14059,48102,46570,6948,58302,6289,26868,3613,4343,2385,7926,300276,32838,23607,2010,9568,113856,9974,4812,20200,14239,3410,45323,5735,602,16783,4375,4181,862,14338,3994,3601,7306,26312,6376,16769,27329,2314,39234,991,2975,536,6342,3127,4575,349,1040,1400,451,6750,1952,59,1114,1095,14
14378,50355,48904,7202,60265,6520,27839,3876,4499,2446,8247,304994,33185,24300,2054,9947,116264,10255,4934,20942,14680,3473,46191,5881,605,17409,4538,4644,862,14961,4106,3811,7426,26767,6843,17303,27703,2375,40360,1033,3213,544,6569,3207,4655,353,1056,1465,451,6925,1984,66,1114,1109,14
14696,52918,50470,7648,62205,6854,29072,4332,4672,2510,8621,309696,33683,25431,2146,10507,118652,10506,5053,21825,15207,3618,48224,6095,609,18099,4708,5136,866,15846,4323,4305,7563,27700,7145,18027,28044,2450,41347,1067,3411,559,6815,3281,4734,353,1095,1537,452,7068,2016,66,1115,1125,14
15010,56055,52318,7962,64311,7314,30342,4838,4829,2579,8962,313575,34720,26436,2310,10922,121190,11781,5249,23566,15661,3748,49764,6258,610,18941,4879,5730,879,16901,4658,4510,7840,28764,7883,18743,28754,2525,42348,1107,3513,566,7212,3310,4918,362,1123,1573,452,7294,2035,66,1115,1151,14
15253,58505,53753,8364,66263,7660,31433,5332,4981,2635,9289,318134,35455,27268,2429,11514,123717,12376,5390,24568,16118,3851,51071,6489,611,19629,4881,6228,886,17731,4797,4863,8154,29287,8641,19335,29183,2587,43191,1153,3732,579,7441,3372,5038,363,1152,1755,454,7611,2061,66,1117,1184,14
15809,61499,55072,8640,68087,7964,32299,5686,5175,2680,9477,321833,36070,27618,2518,11668,126744,12871,5473,25561,16527,3972,52079,6626,611,20267,5223,6663,897,18671,5016,5177,8454,29287,9169,19914,29383,2630,43736,1191,3850,586,7550,3431,5208,366,1185,1806,454,7888,2059,66,1118,1195,14
15905,63840,56333,8919,69087,8236,33134,6123,5326,2759,9652,324357,36889,28350,2588,11871,128269,13283,5627,26509,16799,4044,52992,6757,612,20855,5370,7234,902,19492,5170,5385,8776,29973,9703,20474,29746,2667,43928,1225,4030,596,7877,3469,5288,368,1205,1875,456,8112,2106,66,1118,1224,14
16081,65889,58848,9305,70271,8566,34286,6442,5449,2839,9933,326659,37431,28876,2636,12283,130593,13555,5665,27217,17256,4127,53967,6841,615,21423,5822,7851,907,20256,5322,5627,8919,30621,10111,20969,30069,2720,44333,1266,4137,604,8207,3525,5371,369,1226,1924,456,8437,2127,66,1118,1242,14
16713,68164,60787,9707,72025,8901,35441,6771,5605,2916,10205,329405,37994,29724,2741,12783,131890,13737,5744,28263,17720,4201,54989,6936,616,22286,5946,8579,908,20256,5461,5893,9164,30995,10404,21576,30472,2779,45048,1323,4290,631,8424,3611,5778,370,1254,1968,456,8691,2158,66,1118,1276,15
17017,70802,62481,9945,73721,9215,36682,7190,5724,2989,10530,332931,38820,30524,2843,13431,133635,14108,5858,29476,18264,4330,56149,7142,619,22942,6173,9364,916,21570,5654,6240,9409,31784,11059,22131,30725,2905,45643,1371,4492,635,8686,3694,5939,373,1330,2031,456,9046,2178,66,1118,1297,15
17297,73688,64616,10526,75333,9590,37943,7830,5919,3068,10779,335804,39191,31089,2947,13879,135454,14276,5942,30592,18719,4424,57501,7367,619,23620,6298,10087,919,22342,5899,6751,9573,32411,11457,23018,30928,3144,46319,1425,4673,644,9090,3747,6111,376,1374,2156,458,9385,2205,68,1120,1323,15
17446,76008,66824,10960,76743,9939,38849,8233,6103,3160,10989,338519,39993,31481,3011,14387,137085,14675,6046,31638,19267,4490,58661,7531,620,24239,6469,10789,921,23196,6102,6923,9737,32984,11671,23697,31490,3393,46735,1464,4778,653,9378,3747,6277,377,1408,2173,458,9668,2230,69,1120,1347,16
17592,77662,68051,11119,77793,10219,40037,8328,6251,3228,11274,340657,40588,32267,3071,14783,138532,15060,6120,32693,19595,4589,60037,7653,621,24633,6486,11270,926,24081,6272,7045,9906,33554,11959,24086,31673,3517,47116,1491,4863,662,9501,4012,6447,378,1436,2198,458,9889,2232,69,1120,1362,16
17983,79123,69514,11380,78462,10418,40988,8575,6364,3286,11450,342267,40974,32448,3160,15069,139945,15423,6152,33483,19793,4613,60557,7792,623,25134,6710,11798,926,25070,6389,7161,10025,33765,12373,24785,31881,3614,47526,1518,5069,669,9674,4043,6565,380,1462,2256,459,10164,2261,69,1120,1369,19
18186,83168,71150,11736,79332,10617,42348,8732,6454,3359,11614,343705,41915,33311,3239,15402,140743,15777,6311,34174,20103,4731,61407,7927,624,25676,7003,12493,927,25800,6485,7352,10124,34333,12912,25257,32116,3663,47946,1571,5212,675,9908,4164,6741,383,1477,2299,461,10464,2294,69,1121,1378,19
18287,84874,73218,12176,80497,10903,43822,9072,6624,3416,11835,345828,42394,33866,3299,15850,141560,16261,6482,34927,20442,4852,62194,8030,627,26044,7102,12916,929,26746,6584,7552,10369,34855,13289,25727,32728,3732,48307,1647,5364,688,10090,4236,6952,383,1515,2329,462,10700,2325,69,1121,1404,19
18649,88081,74947,12674,82182,11280,45169,9411,6760,3479,12016,348192,43202,34422,3382,16593,142704,16588,6604,36021,20813,4962,63158,8189,627,26627,7397,13443,932,27813,6736,7668,10490,35464,13675,26363,33555,3792,49489,1712,5503,701,10483,4366,7223,387,1565,2427,462,11101,2352,69,1121,1434,19
18913,90528,77015,13169,83421,11854,46987,9766,6930,3541,12219,350951,44130,35242,3464,17190,143905,16917,6733,37105,21207,5086,64178,8407,628,27281,7578,14249,933,28672,6871,8006,10567,36085,14049,26956,33903,3887,49982,1761,5662,716,10801,4463,7373,388,1603,2542,466,11373,2389,69,1123,1447,19
19109,92669,78933,13631,84933,12368,47866,10220,7068,3612,12434,353136,44803,35655,3556,18009,145089,17204,6810,38083,21604,5237,65228,8661,629,27919,7773,14978,934,29683,7042,8059,10794,36703,14328,27476,34183,3959,50416,1848,5847,741,11123,4578,7547,392,1648,2589,468,11674,2419,69,1123,1470,21
19281,94360,80366,13937,86010,12571,48828,10348,7238,3623,12674,355037,45580,35954,3596,18537,146334,17391,6935,38920,21909,5310,65745,8816,630,28419,7793,15677,940,30388,7123,8066,11069,37419,14651,27925,34498,3987,51054,1900,5938,754,11296,4759,7670,396,1687,2646,468,11771,2421,69,1123,1492,21
19521,96778,81943,14170,87052,12722,49788,10625,7384,3687,12795,356278,46434,36634,3652,19121,148039,17767,7059,39882,22174,5398,66676,8942,630,28897,8041,16381,940,31140,7270,8439,11225,38116,14955,28455,34832,4027,51853,1931,6096,766,11432,4813,7869,399,1713,2710,470,12086,2455,69,1123,1502,21
19746,98298,83981,14566,87925,13001,51080,10846,7530,3726,12951,357757,46936,37214,3721,19762,149013,18301,7169,41664,22454,5489,67404,9056,631,29402,8205,17038,944,32145,7434,8488,11369,38430,15296,28953,35161,4085,52337,1994,6192,776,11704,4923,8037,399,1741,2805,471,12376,2476,69,1123,1514,21
19864,100713,86125,14897,88970,13574,52183,11119,7717,3801,13356,359235,47463,38162,3868,20221,150399,18534,7301,42442,22769,5532,68151,9175,633,29986,8336,17679,944,32908,7551,8661,11510,39017,15868,29437,35439,4177,52988,2095,6338,787,11967,5003,8194,402,1819,2866,478,13052,2506,69,1134,1567,21
20033,102995,88488,15315,90084,13892,53441,11424,7876,3817,13571,361313,48667,38969,3935,20915,151472,18970,7402,43645,23161,5680,69252,9379,637,30673,8475,18209,950,34137,7788,8771,11657,39208,16170,30168,36627,4177,53468,2229,6472,801,12222,5458,8386,402,1877,2913,479,13414,2534,69,1134,1603,22
20274,105710,90801,15608,90889,14557,54369,11662,8057,3864,13736,362991,49443,39734,4014,21661,152719,19364,7531,44539,23456,5849,70305,9638,632,31165,8688,19014,952,34950,7893,9068,11797,39640,16510,30795,37048,4356,53865,2317,6625,803,12624,5612,8529,404,1948,3030,479,13670,2595,69,1134,1705,22
20487,108100,92815,16040,91662,14985,55386,11989,8260,3888,13952,364745,50119,40408,4089,22731,153104,19765,7769,45608,23932,5960,71102,9895,633,31674,8812,19854,954,35749,7966,9119,11922,40022,16898,31408,37165,4468,54304,2365,6795,813,13005,5775,8690,409,2013,3100,479,14149,2626,69,1134,1729,22
20732,110541,94743,16339,92675,15362,56050,12134,8392,3927,14065,366346,50859,40989,4149,23231,154154,20116,7886,46919,24140,6037,71656,10096,633,32151,8842,20582,956,36244,8110,9135,12114,40468,17434,31911,37293,4563,54616,2418,6943,813,13252,5922,8809,409,2055,3189,479,14478,2650,69,1135,1771,22
21005,112248,97017,16561,93271,15646,56490,12355,8521,3949,14065,367625,51738,41414,4197,23997,155092,20533,7959,47754,24256,6090,72356,10178,633,32489,8899,21324,962,37727,8225,9272,12296,40873,17628,32477,37916,4586,54816,2457,7026,843,13458,6029,8965,412,2074,3260,479,14986,2664,69,1135,1782,22
21278,113486,99925,16783,93693,15923,57541,12619,8622,3967,14210,368669,52247,42066,4231,24188,155764,20960,8059,48290,24553,6137,72873,10416,633,32856,9175,21969,967,39342,8334,9352,12437,41303,17999,33006,38252,4653,55040,2422,7130,850,13731,6180,9066,416,2109,3324,479,15650,2699,69,1139,1854,22
21565,114612,101874,17262,94220,16565,59047,12976,8710,4038,14353,369801,52626,42713,4286,24787,156628,21360,8150,49042,24775,6229,73646,10623,634,33242,9313,22474,971,40249,8406,9453,12624,41288,18446,33439,38694,4710,55544,2442,7252,860,14044,6277,9096,417,2137,3397,481,16032,2731,69,1140,1947,22
